Team,Season,Champ,Games,Wins,Losses,Win_perc,Home_Wins,Home_Losses,Home_Win_perc,Away_Wins,Away_Losses,Away_Win_perc,PPG,OPP_PPG,Point_diff,ORTG,DRTG,eFG_perc,OPP_eFG_perc,Three_perc,OPP_FG_perc,FT_perc,TPG,SPG,DRB,TRB,DRB_perc,Num_All_Stars
Atlanta Hawks,2000-01,0,82,25,57,0.305,18,23,0.439,7,34,0.171,91,96.2,-5.2,98.7,104.3,0.456,0.472,0.357,0.442,0.759,16.7,7.7,30.4,42.9,70.8,1
Boston Celtics,2000-01,0,82,36,46,0.439,20,21,0.488,16,25,0.390,94.6,96.8,-2.2,101.4,103.7,0.473,0.493,0.363,0.459,0.74,15.7,9.4,28.9,39.8,72.7,0
Charlotte Hornets*,2000-01,0,82,46,36,0.561,28,13,0.683,18,23,0.439,91.9,89.8,2.1,101.8,99.5,0.457,0.456,0.346,0.426,0.745,14.4,8.1,31.8,44.4,74.5,0
Chicago Bulls,2000-01,0,82,15,67,0.183,10,31,0.244,5,36,0.122,87.6,96.7,-9.1,97.2,107.3,0.45,0.499,0.346,0.472,0.739,15.8,8.2,27.6,38.9,70.3,0
Cleveland Cavaliers,2000-01,0,82,30,52,0.366,20,21,0.488,10,31,0.244,92.2,96.5,-4.3,100.3,104.9,0.459,0.477,0.334,0.445,0.765,16.5,7.8,29.8,42.1,71.1,0
Dallas Mavericks*,2000-01,0,82,53,29,0.646,28,13,0.683,25,16,0.610,100.5,96.2,4.3,107.1,102.6,0.498,0.467,0.381,0.439,0.794,13.9,7.5,31.4,41.5,70.7,0
Denver Nuggets,2000-01,0,82,40,42,0.488,29,12,0.707,11,30,0.268,96.6,99,-2.4,103.7,106.3,0.47,0.476,0.355,0.446,0.737,13.9,6.7,31.5,44.2,71.8,0
Detroit Pistons,2000-01,0,82,32,50,0.390,18,23,0.439,14,27,0.341,95.6,97.3,-1.7,100,101.8,0.453,0.466,0.35,0.434,0.721,15.9,7.5,32,45.5,72.2,1
Golden State Warriors,2000-01,0,82,17,65,0.207,11,30,0.268,6,35,0.146,92.5,101.5,-9.0,97.8,107.4,0.429,0.504,0.293,0.472,0.706,15.9,9,29.1,45.5,69.7,0
Houston Rockets,2000-01,0,82,45,37,0.549,24,17,0.585,21,20,0.512,97.2,94.9,2.3,106.7,104.2,0.492,0.475,0.357,0.449,0.758,14.7,7.2,30.8,42,71.9,0
Indiana Pacers*,2000-01,0,82,41,41,0.500,26,15,0.634,15,26,0.366,92.6,92.8,-0.2,102,102.2,0.471,0.452,0.342,0.423,0.766,15.2,6.9,31.6,42.9,71.4,0
Los Angeles Clippers,2000-01,0,82,31,51,0.378,22,19,0.537,9,32,0.220,92.5,95.3,-2.8,101.3,104.5,0.476,0.466,0.339,0.44,0.693,15.8,6,31.2,42.9,71.1,0
Los Angeles Lakers*,2000-01,1,82,56,26,0.683,31,10,0.756,25,10,0.714,100.6,97.2,3.4,108.4,104.8,0.498,0.468,0.344,0.438,0.683,14.4,6.9,31.5,44.7,72.5,0
Miami Heat*,2000-01,0,82,50,32,0.610,29,12,0.707,21,20,0.512,88.9,86.6,2.3,101.1,98.5,0.469,0.46,0.345,0.431,0.759,13.7,7.7,29.7,39.6,72.7,2
Milwaukee Bucks*,2000-01,0,82,52,30,0.634,31,10,0.756,21,20,0.512,100.7,96.9,3.8,108.8,104.6,0.499,0.473,0.379,0.439,0.787,13.7,8.2,30.5,42.4,71.1,2
Minnesota Timberwolves*,2000-01,0,82,47,35,0.573,30,11,0.732,17,24,0.415,97.3,96,1.3,105.2,103.7,0.482,0.478,0.357,0.452,0.785,13.9,8.3,30.1,42.3,71.9,0
New Jersey Nets,2000-01,0,82,26,56,0.317,18,23,0.439,8,33,0.195,92.1,97.1,-5.0,100,105.5,0.452,0.488,0.333,0.455,0.759,14.7,7.9,28.5,39.6,70,1
New York Knicks*,2000-01,0,82,48,34,0.585,30,11,0.732,18,23,0.439,88.7,86.1,2.6,101.2,98.2,0.476,0.453,0.351,0.417,0.796,14.5,6.6,30.8,40.2,74.3,2
Orlando Magic*,2000-01,0,82,43,39,0.524,26,15,0.634,17,24,0.415,97.5,96.5,1.0,103.2,102.1,0.474,0.464,0.364,0.435,0.714,15.2,8.2,29.9,42.9,69.8,2
Philadelphia 76ers*,2000-01,0,82,56,26,0.683,29,12,0.707,27,14,0.659,94.7,90.4,4.3,103.6,98.9,0.468,0.46,0.326,0.429,0.745,15.8,8.4,31.7,44.8,72.5,2
Phoenix Suns*,2000-01,0,82,51,31,0.622,31,10,0.756,20,21,0.488,94,91.8,2.2,100.3,98,0.46,0.46,0.315,0.435,0.755,15.2,9.5,30.8,42.7,73.7,0
Portland Trail Blazers*,2000-01,0,82,50,32,0.610,28,13,0.683,22,19,0.537,95.4,91.2,4.2,106.5,101.8,0.497,0.47,0.349,0.438,0.762,15.3,8.2,30.3,42,72.4,0
Sacramento Kings*,2000-01,0,82,55,27,0.671,33,8,0.805,22,19,0.537,101.7,95.9,5.8,105.6,99.6,0.484,0.46,0.354,0.432,0.771,14.9,9.7,33,45,70.7,0
San Antonio Spurs*,2000-01,0,82,58,24,0.707,33,8,0.805,25,16,0.610,96.2,88.4,7.8,106.6,98,0.496,0.444,0.407,0.419,0.715,14,6.9,33.1,44.1,73.7,0
Seattle SuperSonics,2000-01,0,82,44,38,0.537,26,15,0.634,18,23,0.439,97.3,97.3,0.0,105.6,105.6,0.491,0.488,0.399,0.453,0.732,15.3,8,29.5,41.7,69.8,0
Toronto Raptors*,2000-01,0,82,47,35,0.573,27,14,0.659,20,21,0.488,97.6,95.4,2.2,105.9,103.4,0.468,0.476,0.369,0.447,0.747,13.2,7.3,30.8,44.5,73.2,2
Utah Jazz*,2000-01,0,82,53,29,0.646,28,13,0.683,25,16,0.610,97.1,92.4,4.7,107.6,102.4,0.497,0.473,0.381,0.439,0.752,15.8,8.1,29.1,40.6,73.2,0
Vancouver Grizzlies,2000-01,0,82,23,59,0.280,15,26,0.366,8,33,0.195,91.7,97.5,-5.8,99.6,105.8,0.464,0.491,0.343,0.463,0.77,15.7,7.1,29.6,40.5,69.8,0
Washington Wizards,2000-01,0,82,19,63,0.232,12,29,0.293,7,34,0.171,93.2,99.9,-6.7,100.6,107.8,0.46,0.503,0.324,0.47,0.759,17,7.7,28.9,41.3,71.8,0
Atlanta Hawks,2001-02,0,82,33,49,0.402,23,18,0.561,10,31,0.244,94,98.3,-4.3,101.8,106.4,0.471,0.495,0.354,0.459,0.765,15.5,8.1,29.8,41.5,70.9,1
Boston Celtics*,2001-02,0,82,49,33,0.598,27,14,0.659,22,19,0.537,96.4,94.1,2.3,103.4,101,0.476,0.464,0.359,0.425,0.764,13.6,9.7,31.3,42.2,72.9,2
Charlotte Hornets*,2001-02,0,82,44,38,0.537,21,20,0.512,23,18,0.561,93.9,92.9,1.0,104.3,103.3,0.466,0.465,0.348,0.432,0.745,14,8,30.5,43.5,72.2,1
Chicago Bulls,2001-02,0,82,21,61,0.256,14,27,0.341,7,34,0.171,89.5,98,-8.5,98.2,107.6,0.456,0.497,0.346,0.465,0.722,15.3,7.7,28.8,40,71.4,0
Cleveland Cavaliers,2001-02,0,82,29,53,0.354,20,21,0.488,9,32,0.220,95.3,98.6,-3.3,104.6,108.2,0.477,0.493,0.377,0.457,0.772,14.6,7,30.3,42.1,72.8,0
Dallas Mavericks*,2001-02,0,82,57,25,0.695,30,11,0.732,27,14,0.659,105.2,101,4.2,112.2,107.7,0.507,0.485,0.378,0.452,0.806,12.1,7.1,31.3,42.5,70.7,0
Denver Nuggets,2001-02,0,82,27,55,0.329,20,21,0.488,7,34,0.171,92.2,98,-5.8,101.4,107.8,0.455,0.492,0.329,0.459,0.744,14.7,7.5,28.2,41.8,69.9,0
Detroit Pistons*,2001-02,0,82,50,32,0.610,26,15,0.634,24,17,0.585,94.3,92.2,2.1,104.8,102.4,0.497,0.474,0.376,0.447,0.756,14.5,7.9,28.9,38.7,70.5,0
Golden State Warriors,2001-02,0,82,21,61,0.256,24,17,0.585,7,34,0.171,97.7,103.1,-5.4,102.8,108.5,0.452,0.488,0.322,0.459,0.722,16.8,7.9,30.4,46.7,69.4,0
Houston Rockets,2001-02,0,82,28,54,0.341,18,23,0.439,10,31,0.244,92.3,97.2,-4.9,103.1,108.6,0.465,0.491,0.335,0.464,0.741,14.1,6.5,29.4,41.9,69.8,1
Indiana Pacers*,2001-02,0,82,42,40,0.512,25,16,0.610,17,24,0.415,96.8,96.5,0.3,104.1,103.8,0.477,0.469,0.339,0.438,0.772,15.2,8,31.3,42.7,71,1
Los Angeles Clippers,2001-02,0,82,39,43,0.476,25,16,0.610,14,27,0.341,95.7,96.1,-0.4,105.5,106,0.476,0.477,0.356,0.448,0.739,14.8,6.2,30.2,43.4,69.9,0
Los Angeles Lakers*,2001-02,1,82,58,24,0.707,34,7,0.829,24,17,0.585,101.3,94.1,7.2,109.4,101.7,0.498,0.453,0.354,0.424,0.699,12.7,7.6,31.8,44.3,72,2
Memphis Grizzlies,2001-02,0,82,23,59,0.280,15,26,0.366,8,33,0.195,89.9,97.3,-7.4,98.2,106.3,0.462,0.486,0.307,0.457,0.708,16.4,7.9,29.4,41.4,68,0
Miami Heat,2001-02,0,82,36,46,0.439,18,23,0.439,18,23,0.439,87.2,88.7,-1.5,98.5,100.2,0.463,0.455,0.347,0.425,0.724,14.8,6.7,31,42,74,1
Milwaukee Bucks,2001-02,0,82,41,41,0.500,25,16,0.610,16,25,0.390,97.5,97.7,-0.2,106.9,107.1,0.507,0.477,0.375,0.441,0.748,14.1,7.3,31.2,41.4,70.9,1
Minnesota Timberwolves*,2001-02,0,82,50,32,0.610,29,12,0.707,21,20,0.512,99.3,96,3.3,109,105.3,0.49,0.482,0.378,0.445,0.798,13.4,6.4,31.2,44.2,73.7,2
New Jersey Nets*,2001-02,0,82,52,30,0.634,33,8,0.805,19,22,0.463,96.2,92,4.2,104,99.5,0.476,0.459,0.338,0.429,0.735,14.5,8.7,30.7,43.3,71.6,1
New York Knicks,2001-02,0,82,30,52,0.366,19,22,0.463,11,30,0.268,91.6,95.6,-4.0,101.5,105.9,0.468,0.479,0.353,0.445,0.787,14.5,6.8,30,40.7,71.9,0
Orlando Magic*,2001-02,0,82,44,38,0.537,27,14,0.659,17,24,0.415,100.5,98.9,1.6,107,105.3,0.493,0.486,0.373,0.456,0.754,13.6,8.1,29.8,41.2,69.2,1
Philadelphia 76ers*,2001-02,0,82,43,39,0.524,22,19,0.537,21,20,0.512,91,89.4,1.6,102.1,100.3,0.452,0.46,0.299,0.426,0.779,15.3,8.6,30.9,44.2,72.1,2
Phoenix Suns,2001-02,0,82,36,46,0.439,23,18,0.561,13,28,0.317,95.1,95.8,-0.7,103.3,104,0.472,0.476,0.327,0.444,0.767,14.7,8.1,29.6,42.7,70.2,0
Portland Trail Blazers*,2001-02,0,82,49,33,0.598,30,11,0.732,19,22,0.463,96.6,93.7,2.9,107.4,104,0.485,0.489,0.354,0.453,0.763,14.3,8.6,29.8,43,73.3,0
Sacramento Kings*,2001-02,0,82,61,21,0.744,36,5,0.878,25,16,0.610,104.6,97,7.6,109,101.1,0.497,0.467,0.367,0.44,0.751,13.8,9,33,45.3,71.7,2
San Antonio Spurs*,2001-02,0,82,58,24,0.707,32,9,0.780,26,15,0.634,96.7,90.5,6.2,106.5,99.7,0.492,0.453,0.362,0.426,0.742,14.4,7.6,31.3,42.4,71.9,1
Seattle SuperSonics*,2001-02,0,82,45,37,0.549,26,15,0.634,19,22,0.463,97.7,94.7,3.0,108.9,105.6,0.505,0.485,0.378,0.449,0.755,13.7,8.5,28.5,40.3,68.1,0
Toronto Raptors*,2001-02,0,82,42,40,0.512,24,17,0.585,18,23,0.439,91.4,91.8,-0.4,102.6,103.1,0.463,0.471,0.349,0.441,0.739,14.3,8.4,28.5,42.1,70.1,1
Utah Jazz*,2001-02,0,82,44,38,0.537,25,16,0.610,19,22,0.463,96,95.1,0.9,105.6,104.6,0.472,0.484,0.333,0.447,0.763,16.5,9.1,28.6,42.2,71.7,0
Washington Wizards,2001-02,0,82,37,45,0.451,22,19,0.537,15,26,0.366,92.8,94.2,-1.4,104.8,106.4,0.464,0.484,0.388,0.452,0.765,13,7,29.2,42,71.4,1
Atlanta Hawks,2002-03,0,82,35,47,0.427,26,15,0.634,9,32,0.220,94.1,97.6,-3.5,102.3,106.1,0.476,0.469,0.352,0.437,0.793,16.7,7.5,31.2,42.6,70.4,0
Boston Celtics*,2002-03,0,82,44,38,0.537,25,16,0.610,19,22,0.463,92.7,93.1,-0.4,101.2,101.6,0.47,0.471,0.334,0.435,0.742,14,8.8,30.1,40.5,72.5,2
Chicago Bulls,2002-03,0,82,30,52,0.366,27,14,0.659,3,38,0.073,95,100.1,-5.1,100.2,105.6,0.471,0.47,0.35,0.439,0.722,16.9,7.4,31,43,69.5,0
Cleveland Cavaliers,2002-03,0,82,17,65,0.207,14,27,0.341,3,38,0.073,91.4,101,-9.6,96.5,106.7,0.444,0.484,0.327,0.453,0.747,18.3,7.8,31,44.6,73.2,1
Dallas Mavericks*,2002-03,0,82,60,22,0.732,33,8,0.805,27,14,0.659,103,95.2,7.8,110.7,102.3,0.498,0.473,0.381,0.438,0.829,11.6,8.1,31,42.1,70.9,2
Denver Nuggets,2002-03,0,82,17,65,0.207,13,28,0.317,4,37,0.098,84.2,92.4,-8.2,92.2,101.3,0.428,0.477,0.278,0.443,0.699,18.5,8.7,28.8,42.4,73.3,0
Detroit Pistons*,2002-03,0,82,50,32,0.610,30,11,0.732,20,21,0.488,91.4,87.7,3.7,104.1,99.9,0.473,0.461,0.358,0.438,0.771,13.5,6.8,29.8,40.6,74,1
Golden State Warriors,2002-03,0,82,38,44,0.463,24,17,0.585,14,27,0.341,102.4,103.6,-1.2,108.3,109.5,0.472,0.482,0.344,0.452,0.778,15.8,7.2,31,46.7,67.9,0
Houston Rockets,2002-03,0,82,43,39,0.524,28,13,0.683,15,26,0.366,93.8,92.3,1.5,104.3,102.6,0.474,0.462,0.346,0.433,0.768,15.6,7.2,31.3,43.8,72.4,2
Indiana Pacers*,2002-03,0,82,48,34,0.585,32,9,0.780,16,25,0.390,96.8,93.3,3.5,104.6,100.8,0.469,0.458,0.339,0.428,0.766,14.8,8.5,32,44.2,72.3,2
Los Angeles Clippers,2002-03,0,82,27,55,0.329,16,25,0.390,11,30,0.268,93.8,97.9,-4.1,102.3,106.8,0.467,0.481,0.331,0.447,0.75,15.7,7,30,42.3,70.2,0
Los Angeles Lakers*,2002-03,1,82,50,32,0.610,31,10,0.756,19,22,0.463,100.4,98,2.4,107.2,104.7,0.486,0.477,0.356,0.443,0.734,14.5,7.8,31.1,44.3,72.7,2
Memphis Grizzlies,2002-03,0,82,28,54,0.341,20,21,0.488,8,33,0.195,97.5,100.7,-3.2,103.9,107.3,0.487,0.491,0.365,0.46,0.739,15.4,7.9,30.1,41.6,68.7,0
Miami Heat,2002-03,0,82,25,57,0.305,16,25,0.390,9,32,0.220,85.6,90.6,-5.0,96.7,102.4,0.439,0.47,0.316,0.437,0.765,14.2,7.2,30,41.6,73.9,0
Milwaukee Bucks*,2002-03,0,82,42,40,0.512,25,16,0.610,17,24,0.415,99.5,99.3,0.2,108.8,108.6,0.5,0.494,0.383,0.458,0.776,12.7,7.6,28.9,39.5,69.9,0
Minnesota Timberwolves*,2002-03,0,82,51,31,0.622,33,8,0.805,18,23,0.439,98.1,96,2.1,106.1,103.8,0.488,0.472,0.368,0.437,0.77,13.7,6.7,31.9,43.6,72.9,1
New Jersey Nets*,2002-03,0,82,49,33,0.598,33,8,0.805,16,25,0.390,95.4,90.1,5.3,103.8,98.1,0.468,0.46,0.332,0.427,0.757,14.8,8.7,30.8,42.9,73.1,1
New Orleans Hornets*,2002-03,0,82,47,35,0.573,29,12,0.707,18,23,0.439,93.9,91.8,2.1,103.9,101.6,0.465,0.464,0.376,0.438,0.768,14.8,8,30.2,43.6,73.1,1
New York Knicks,2002-03,0,82,37,45,0.451,24,17,0.585,13,28,0.317,95.9,97.2,-1.3,104.7,106.2,0.486,0.485,0.383,0.457,0.815,14,7.1,29,39.2,71.8,0
Orlando Magic*,2002-03,0,82,42,40,0.512,26,15,0.634,16,25,0.390,98.5,98.4,0.1,105.2,105,0.478,0.486,0.357,0.455,0.777,14.4,8.5,29.2,40.9,71.1,1
Philadelphia 76ers*,2002-03,0,82,48,34,0.585,25,16,0.610,23,18,0.561,96.8,94.5,2.3,105,102.5,0.466,0.488,0.311,0.452,0.775,14.8,10.3,29.5,42.2,72.7,1
Phoenix Suns*,2002-03,0,82,44,38,0.537,30,11,0.732,14,27,0.341,95.5,94.4,1.1,103.7,102.5,0.473,0.47,0.343,0.438,0.742,14.7,8.1,29.8,42.5,70.3,2
Portland Trail Blazers*,2002-03,0,82,50,32,0.610,27,14,0.659,23,18,0.561,95.2,92.5,2.7,105.5,102.6,0.489,0.483,0.33,0.45,0.745,15.2,8.8,29,41.1,72.3,0
Sacramento Kings*,2002-03,0,82,59,23,0.720,35,6,0.854,24,17,0.585,101.7,95.2,6.5,105.9,99.1,0.499,0.446,0.381,0.42,0.746,14.5,9,33.5,44.5,70.6,2
San Antonio Spurs*,2002-03,0,82,60,22,0.732,33,8,0.805,27,14,0.659,95.8,90.4,5.4,105.6,99.7,0.497,0.453,0.354,0.427,0.725,15.8,7.7,31.2,42.6,71.3,1
Seattle SuperSonics,2002-03,0,82,40,42,0.488,25,16,0.610,15,26,0.366,92.1,92.3,-0.2,103.7,103.9,0.472,0.484,0.353,0.447,0.744,13.2,8.3,29.1,40.8,71.8,1
Toronto Raptors,2002-03,0,82,24,58,0.293,15,26,0.366,9,32,0.220,90.9,96.8,-5.9,100.5,107,0.458,0.489,0.343,0.461,0.718,14.4,7.4,28.7,41.2,70.7,1
Utah Jazz*,2002-03,0,82,47,35,0.573,29,12,0.707,18,23,0.439,94.7,92.3,2.4,105.5,102.8,0.486,0.468,0.349,0.434,0.745,16.8,8.6,29,41.5,70.2,0
Washington Wizards,2002-03,0,82,37,45,0.451,23,18,0.561,14,27,0.341,91.5,92.5,-1.0,103,104.1,0.46,0.477,0.312,0.442,0.779,13.4,7.6,29.2,40.4,71.6,1
Atlanta Hawks,2003-04,0,82,28,54,0.341,18,23,0.439,10,31,0.244,92.8,97.5,-4.7,101,106.1,0.465,0.476,0.335,0.44,0.776,16.5,7.6,30.6,42.7,70.5,0
Boston Celtics*,2003-04,0,82,36,46,0.439,19,22,0.463,17,24,0.415,95.3,96.7,-1.4,102.1,103.7,0.486,0.479,0.346,0.437,0.75,16.2,9.4,29.8,40.1,69.5,1
Chicago Bulls,2003-04,0,82,23,59,0.280,14,27,0.341,9,32,0.220,89.7,96,-6.3,96.6,103.4,0.446,0.469,0.342,0.436,0.725,16.1,8,30.7,43.5,71.4,0
Cleveland Cavaliers,2003-04,0,82,35,47,0.427,23,18,0.561,12,29,0.293,92.9,95.5,-2.6,101.4,104.2,0.451,0.469,0.314,0.437,0.753,14.8,7.1,31.9,45.6,73,0
Dallas Mavericks*,2003-04,0,82,52,30,0.634,36,5,0.878,16,25,0.390,105.2,100.8,4.4,112.1,107.4,0.495,0.498,0.348,0.459,0.796,12.2,8,31,45.3,71.6,1
Denver Nuggets*,2003-04,0,82,43,39,0.524,29,12,0.707,14,27,0.341,97.2,96.1,1.1,103.9,102.7,0.467,0.481,0.336,0.453,0.767,15.6,9.1,29.1,42.3,69.3,0
Detroit Pistons*,2003-04,1,82,54,28,0.659,31,10,0.756,23,18,0.561,90.1,84.3,5.8,102,95.4,0.461,0.441,0.344,0.413,0.753,15.1,8,30.4,42.8,71.8,1
Golden State Warriors,2003-04,0,82,37,45,0.451,27,14,0.659,10,31,0.244,93.3,94,-0.7,103,103.8,0.475,0.476,0.334,0.445,0.725,14.8,7,30.9,43.1,72.1,0
Houston Rockets*,2003-04,0,82,45,37,0.549,27,14,0.659,18,23,0.439,89.8,88,1.8,100.9,99,0.484,0.447,0.366,0.412,0.773,16.7,6.8,32.3,42.6,74.5,2
Indiana Pacers*,2003-04,0,82,61,21,0.744,34,7,0.829,27,14,0.659,91.4,85.6,5.8,103.8,97.2,0.471,0.459,0.351,0.432,0.764,14.4,8.9,29.9,41.7,73.9,2
Los Angeles Clippers,2003-04,0,82,28,54,0.341,18,23,0.439,10,31,0.244,94.8,99.4,-4.6,103.5,108.5,0.453,0.494,0.321,0.46,0.785,16.4,7.2,29.5,43.5,70,0
Los Angeles Lakers*,2003-04,0,82,56,26,0.683,34,7,0.829,22,19,0.537,98.2,94.3,3.9,105.5,101.3,0.481,0.471,0.327,0.44,0.693,13.8,8.3,30.9,43.1,73.3,2
Memphis Grizzlies*,2003-04,0,82,50,32,0.610,31,10,0.756,19,22,0.463,96.7,94.3,2.4,104.8,102.2,0.479,0.465,0.34,0.436,0.727,15,9.7,29,41.8,68.4,0
Miami Heat*,2003-04,0,82,42,40,0.512,29,12,0.707,13,28,0.317,90.3,89.7,0.6,102.2,101.7,0.463,0.463,0.357,0.428,0.762,13.9,7.2,30,41.5,73.4,0
Milwaukee Bucks*,2003-04,0,82,41,41,0.500,27,14,0.659,14,27,0.341,98,97,1.0,106.5,105.4,0.477,0.485,0.35,0.452,0.775,13.5,6.8,30.5,42.2,71.8,1
Minnesota Timberwolves*,2003-04,0,82,58,24,0.707,31,10,0.756,27,14,0.659,94.5,89.1,5.4,105.9,99.7,0.486,0.444,0.363,0.414,0.781,12.7,6.8,32.3,42.9,72.5,2
New Jersey Nets*,2003-04,0,82,47,35,0.573,28,13,0.683,19,22,0.463,90.3,87.8,2.5,100.8,98,0.471,0.46,0.336,0.427,0.753,14.7,8.6,30.2,40.7,73.9,2
New Orleans Hornets*,2003-04,0,82,41,41,0.500,25,16,0.610,16,25,0.390,91.8,91.9,-0.1,102.3,102.4,0.46,0.476,0.319,0.441,0.751,15,8.6,29.5,42.8,71.3,2
New York Knicks*,2003-04,0,82,39,43,0.476,23,18,0.561,16,25,0.390,92,93.5,-1.5,101.7,103.3,0.474,0.461,0.364,0.429,0.793,15.7,7.4,31,42.6,72.8,0
Orlando Magic,2003-04,0,82,21,61,0.256,11,30,0.268,10,31,0.244,94,101.1,-7.1,102.7,110.4,0.461,0.502,0.344,0.466,0.737,13.7,6.7,28.7,40.9,68.7,1
Philadelphia 76ers,2003-04,0,82,33,49,0.402,21,20,0.512,12,29,0.293,88,90.5,-2.5,99.1,101.9,0.456,0.467,0.342,0.432,0.753,15.9,8,29.4,40.8,70.7,1
Phoenix Suns,2003-04,0,82,29,53,0.354,18,23,0.439,11,30,0.268,94.2,97.9,-3.7,101.4,105.5,0.475,0.482,0.345,0.446,0.746,15.2,9,29.3,40.6,69.9,0
Portland Trail Blazers,2003-04,0,82,41,41,0.500,25,16,0.610,16,25,0.390,90.7,92,-1.3,103.7,105.1,0.478,0.482,0.346,0.45,0.731,14.8,7.5,29,41.7,70,0
Sacramento Kings*,2003-04,0,82,55,27,0.671,34,7,0.829,21,20,0.512,102.8,97.8,5.0,110.3,104.9,0.507,0.483,0.401,0.454,0.795,13.9,8.7,30.4,41.2,69.8,2
San Antonio Spurs*,2003-04,0,82,57,25,0.695,33,8,0.805,24,17,0.585,91.5,84.3,7.2,102.2,94.1,0.473,0.433,0.358,0.409,0.681,14.7,8.1,32.5,45.1,74.6,1
Seattle SuperSonics,2003-04,0,82,37,45,0.451,21,20,0.512,16,25,0.390,97.1,97.8,-0.7,107.3,108,0.501,0.487,0.373,0.45,0.765,14.5,8.1,28.3,39.3,68.5,1
Toronto Raptors,2003-04,0,82,33,49,0.402,18,23,0.439,15,26,0.366,85.4,88.5,-3.1,97,100.4,0.454,0.449,0.356,0.428,0.75,14.2,7.4,29.5,39.6,70.1,1
Utah Jazz,2003-04,0,82,42,40,0.512,28,13,0.683,14,27,0.341,88.7,89.9,-1.2,101.9,103.3,0.456,0.468,0.321,0.432,0.746,16.6,7.1,27.7,41.2,72.4,1
Washington Wizards,2003-04,0,82,25,57,0.305,17,24,0.415,8,33,0.195,91.8,97.4,-5.6,98.8,104.8,0.454,0.486,0.341,0.454,0.714,17.5,8.9,29.2,42.8,69.5,0
Atlanta Hawks,2004-05,0,82,13,69,0.159,9,32,0.220,4,37,0.098,92.7,102.5,-9.8,100.6,111.1,0.464,0.513,0.312,0.476,0.711,16.1,7.7,28.5,41.9,72.1,0
Boston Celtics*,2004-05,0,82,45,37,0.549,28,13,0.683,18,23,0.439,101.3,100.4,0.9,107.5,106.6,0.501,0.481,0.349,0.444,0.764,15.8,8.1,29.7,40.8,70.1,1
Charlotte Bobcats,2004-05,0,82,18,64,0.220,14,27,0.341,4,37,0.098,94.3,100.2,-5.9,101.1,107.5,0.455,0.497,0.363,0.463,0.709,14.5,8.5,28.5,41.7,70.9,0
Chicago Bulls*,2004-05,0,82,47,35,0.573,27,14,0.659,20,21,0.488,94.5,93.4,1.1,101.4,100.3,0.471,0.454,0.357,0.422,0.75,16.7,7,31.6,43.8,72.6,0
Cleveland Cavaliers,2004-05,0,82,42,40,0.512,29,12,0.707,13,28,0.317,96.5,95.7,0.8,106.6,105.7,0.47,0.485,0.332,0.452,0.752,13.9,8,28.7,42.3,71.5,2
Dallas Mavericks*,2004-05,0,82,58,24,0.707,29,12,0.707,29,12,0.707,102.5,96.8,5.7,110.3,104.1,0.492,0.472,0.364,0.438,0.789,13.4,8.6,30.9,42.9,70.2,1
Denver Nuggets*,2004-05,0,82,49,33,0.598,31,10,0.756,18,23,0.439,99.5,97.5,2.0,106,103.9,0.483,0.482,0.34,0.447,0.763,14.9,9.1,30.2,42,71.7,0
Detroit Pistons*,2004-05,0,82,54,28,0.659,32,9,0.780,22,19,0.537,93.3,89.5,3.8,105.6,101.2,0.472,0.461,0.345,0.43,0.739,13.8,7,30.6,43.4,73,1
Golden State Warriors,2004-05,0,82,34,48,0.415,20,21,0.488,14,27,0.341,98.7,100.9,-2.2,104.7,106.9,0.475,0.491,0.352,0.458,0.722,13.6,7.8,29.7,42.7,69.7,0
Houston Rockets*,2004-05,0,82,51,31,0.622,26,15,0.634,25,16,0.610,95.1,91,4.1,106.2,101.7,0.486,0.459,0.364,0.423,0.781,13.8,6.9,31.7,42.4,74.5,2
Indiana Pacers*,2004-05,0,82,44,38,0.537,25,16,0.610,19,22,0.463,93,92.2,0.8,105.5,104.6,0.476,0.472,0.344,0.44,0.792,14.3,7.5,29.5,40.1,71.3,1
Los Angeles Clippers,2004-05,0,82,37,45,0.451,27,14,0.659,10,31,0.244,95.7,96.5,-0.8,105.5,106.4,0.477,0.48,0.345,0.444,0.778,15.7,7.3,29.9,41.9,71.3,0
Los Angeles Lakers,2004-05,0,82,34,48,0.415,22,19,0.537,12,29,0.293,98.7,101.7,-3.0,108.1,111.4,0.485,0.493,0.355,0.453,0.777,14.3,6.2,30.6,43.2,71.1,1
Memphis Grizzlies*,2004-05,0,82,45,37,0.549,26,15,0.634,19,22,0.463,93.4,91.1,2.3,105.5,102.9,0.489,0.466,0.357,0.432,0.754,14.6,8.5,28.1,39,69.9,0
Miami Heat*,2004-05,0,82,59,23,0.720,35,6,0.854,24,17,0.585,101.5,95,6.5,110.2,103.1,0.524,0.46,0.377,0.427,0.672,13.7,6.4,32.2,43,74.1,2
Milwaukee Bucks,2004-05,0,82,30,52,0.366,23,18,0.561,7,34,0.171,97.2,100.2,-3.0,106.6,109.8,0.475,0.499,0.351,0.464,0.772,13.8,6.5,29.3,41.3,72,0
Minnesota Timberwolves,2004-05,0,82,44,38,0.537,24,17,0.585,20,21,0.488,96.8,95.3,1.5,108.2,106.6,0.489,0.472,0.345,0.438,0.796,13.2,5.6,31.5,43,71.4,1
New Jersey Nets*,2004-05,0,82,42,40,0.512,24,17,0.585,18,23,0.439,91.4,92.9,-1.5,101.4,103.1,0.463,0.479,0.362,0.439,0.763,14.2,7.9,29.1,39.5,73.2,1
New Orleans Hornets,2004-05,0,82,18,64,0.220,11,30,0.268,7,34,0.171,88.4,95.5,-7.1,99.7,107.7,0.446,0.491,0.315,0.452,0.766,14.8,6.7,27.8,40.2,70.7,0
New York Knicks,2004-05,0,82,33,49,0.402,22,19,0.537,11,30,0.268,97.3,99.7,-2.4,106.2,108.9,0.485,0.501,0.356,0.465,0.767,14.7,7.7,29.2,41,71.2,0
Orlando Magic,2004-05,0,82,36,46,0.439,24,17,0.585,12,29,0.293,99.5,101.8,-2.3,104.9,107.3,0.478,0.484,0.349,0.451,0.759,16.1,7.7,31,43.7,71.3,1
Philadelphia 76ers*,2004-05,0,82,43,39,0.524,25,16,0.610,18,23,0.439,99.1,99.9,-0.8,103.5,104.3,0.475,0.485,0.348,0.443,0.789,15.5,9.2,30.9,42,72.7,1
Phoenix Suns*,2004-05,0,82,62,20,0.756,31,10,0.756,31,10,0.756,110.4,103.3,7.1,114.5,107.1,0.534,0.478,0.393,0.445,0.748,13.7,7,32.3,44.1,68.3,3
Portland Trail Blazers,2004-05,0,82,27,55,0.329,18,23,0.439,9,32,0.220,92.9,96.9,-4.0,103.2,107.7,0.484,0.479,0.362,0.447,0.725,16,7.1,29.3,41.1,67.7,0
Sacramento Kings*,2004-05,0,82,50,32,0.610,30,11,0.732,20,21,0.488,103.7,101.6,2.1,110.5,108.2,0.496,0.493,0.374,0.459,0.787,13.1,8.2,29.9,42.4,69,0
San Antonio Spurs*,2004-05,0,82,59,23,0.720,38,3,0.927,21,20,0.512,96.2,88.4,7.8,107.5,98.8,0.492,0.452,0.363,0.426,0.724,13.7,7.5,30.4,42.4,73.6,2
Seattle SuperSonics*,2004-05,0,82,52,30,0.634,26,15,0.634,26,15,0.634,98.9,96.6,2.3,112.2,109.6,0.495,0.496,0.365,0.459,0.79,13.6,6.7,28.2,40.9,71.3,2
Toronto Raptors,2004-05,0,82,33,49,0.402,22,19,0.537,11,30,0.268,99.7,101.4,-1.7,106.9,108.7,0.492,0.499,0.385,0.467,0.774,13.3,7.6,29.8,40.1,71.1,0
Utah Jazz,2004-05,0,82,26,56,0.317,18,23,0.439,8,33,0.195,93,97.3,-4.3,104.7,109.5,0.469,0.499,0.328,0.458,0.757,15.8,6.6,27.4,40.1,72.3,0
Washington Wizards*,2004-05,0,82,45,37,0.549,29,12,0.707,16,25,0.390,100.5,100.8,-0.3,107.2,107.5,0.474,0.498,0.343,0.459,0.725,14.3,8.7,29,42.8,70,2
Atlanta Hawks,2005-06,0,82,26,56,0.317,18,23,0.439,8,33,0.195,97.2,102,-4.8,106.4,111.6,0.486,0.513,0.367,0.478,0.75,15.7,7.2,27.2,40.3,69.5,0
Boston Celtics,2005-06,0,82,33,49,0.402,21,20,0.512,12,29,0.293,98,99.5,-1.5,105.2,106.9,0.504,0.49,0.362,0.456,0.755,16.6,7,29.7,39.6,72.8,1
Charlotte Bobcats,2005-06,0,82,26,56,0.317,17,24,0.415,9,32,0.220,96.9,100.9,-4.0,102.5,106.7,0.464,0.514,0.339,0.478,0.729,14.2,10,27.7,39.8,70.7,0
Chicago Bulls*,2005-06,0,82,41,41,0.500,21,20,0.512,20,21,0.488,97.8,97.2,0.6,104,103.4,0.487,0.464,0.379,0.426,0.738,14.9,6.2,31.7,42.8,74.7,0
Cleveland Cavaliers*,2005-06,0,82,50,32,0.610,31,10,0.756,21,20,0.512,97.6,95.4,2.2,107.8,105.4,0.492,0.49,0.339,0.455,0.729,13.9,6.9,30.6,42.3,75.7,1
Dallas Mavericks*,2005-06,0,82,60,22,0.732,34,7,0.829,26,15,0.634,99.1,93.1,6.0,111.8,105,0.495,0.475,0.374,0.443,0.783,13.6,7.2,29.6,42.2,72.2,1
Denver Nuggets*,2005-06,0,82,44,38,0.537,26,15,0.634,18,23,0.439,100.3,100.1,0.2,105.5,105.2,0.488,0.493,0.325,0.454,0.744,14.8,8.5,30.3,41.3,72,0
Detroit Pistons*,2005-06,0,82,64,18,0.780,37,4,0.902,27,14,0.659,96.8,90.2,6.6,110.8,103.1,0.497,0.477,0.384,0.452,0.727,11.4,7.1,28.6,40.5,71.2,4
Golden State Warriors,2005-06,0,82,34,48,0.415,21,20,0.512,13,28,0.317,98.5,99.8,-1.3,104.8,106.2,0.479,0.492,0.341,0.457,0.718,14.1,7.4,30.3,42.3,71.6,0
Houston Rockets,2005-06,0,82,34,48,0.415,15,26,0.366,19,22,0.463,90.1,91.7,-1.6,101.6,103.3,0.471,0.472,0.332,0.429,0.759,14.5,7.2,31.3,41.6,74.6,2
Indiana Pacers*,2005-06,0,82,41,41,0.500,27,14,0.659,14,27,0.341,93.9,92,1.9,104.5,102.4,0.487,0.464,0.349,0.435,0.737,15.3,7.3,31.2,42.2,72.6,1
Los Angeles Clippers*,2005-06,0,82,47,35,0.573,27,14,0.659,20,21,0.488,97.2,95.6,1.6,105.3,103.6,0.487,0.471,0.344,0.435,0.791,14.5,6.5,33,43.1,75.9,1
Los Angeles Lakers*,2005-06,0,82,45,37,0.549,27,14,0.659,18,23,0.439,99.4,96.9,2.5,108.4,105.7,0.495,0.486,0.349,0.45,0.745,13.9,7.7,30.3,42.2,73.6,1
Memphis Grizzlies*,2005-06,0,82,49,33,0.598,30,11,0.732,19,22,0.463,92.2,88.5,3.7,105.9,101.6,0.496,0.469,0.374,0.436,0.711,13.8,7.3,29,39.2,72,1
Miami Heat*,2005-06,0,82,52,30,0.634,31,10,0.756,21,20,0.512,99.9,96,3.9,108.7,104.5,0.517,0.477,0.345,0.44,0.7,14.5,6.4,32.6,43.1,76.4,2
Milwaukee Bucks*,2005-06,0,82,40,42,0.488,25,16,0.610,15,26,0.366,97.8,98.8,-1.0,106.3,107.4,0.492,0.504,0.38,0.466,0.738,14.6,7.3,29.9,41.2,74.6,0
Minnesota Timberwolves,2005-06,0,82,33,49,0.402,24,17,0.585,9,32,0.220,91.7,93.6,-1.9,102.4,104.5,0.48,0.475,0.329,0.441,0.758,14.5,6.8,29.5,39.4,71.3,1
New Jersey Nets*,2005-06,0,82,49,33,0.598,29,12,0.707,20,21,0.488,93.8,92.4,1.4,103.9,102.4,0.478,0.476,0.33,0.439,0.758,13.6,6.8,31,41,76.3,1
New Orleans/Oklahoma City Hornets,2005-06,0,82,38,44,0.463,24,17,0.585,14,27,0.341,92.8,95.6,-2.8,103.7,106.8,0.464,0.502,0.339,0.459,0.758,13.4,7.5,29,40.2,73.4,0
New York Knicks,2005-06,0,82,23,59,0.280,15,26,0.366,8,33,0.195,95.6,102,-6.4,104,111,0.481,0.511,0.362,0.467,0.726,17.7,6.8,28.8,41.4,72.8,0
Orlando Magic,2005-06,0,82,36,46,0.439,26,15,0.634,10,31,0.244,94.9,96,-1.1,106.3,107.5,0.496,0.49,0.376,0.454,0.73,15.1,6.5,29.3,40.2,72.5,0
Philadelphia 76ers,2005-06,0,82,38,44,0.463,23,18,0.561,15,26,0.366,99.4,101.3,-1.9,106,108.1,0.487,0.5,0.364,0.463,0.76,14.1,7.9,29.6,40.2,71.3,1
Phoenix Suns*,2005-06,0,82,54,28,0.659,31,10,0.756,23,18,0.561,108.4,102.8,5.6,111.5,105.8,0.537,0.49,0.399,0.454,0.806,13.3,6.7,32.3,41.8,72.1,2
Portland Trail Blazers,2005-06,0,82,21,61,0.256,15,26,0.366,6,35,0.146,88.8,98.3,-9.5,101.1,111.9,0.474,0.507,0.349,0.468,0.689,14.7,6.5,26.9,37.7,68.2,0
Sacramento Kings*,2005-06,0,82,44,38,0.537,27,14,0.659,17,24,0.415,98.9,97.3,1.6,106.7,105,0.492,0.488,0.351,0.454,0.784,14.6,7.4,30.2,40.5,72.2,0
San Antonio Spurs*,2005-06,0,82,63,19,0.768,34,7,0.829,29,12,0.707,95.6,88.8,6.8,107.3,99.6,0.513,0.457,0.385,0.433,0.702,13.7,6.6,31.1,41.5,74.2,2
Seattle SuperSonics,2005-06,0,82,35,47,0.427,22,19,0.537,13,28,0.317,102.6,105.6,-3.0,111.1,114.4,0.504,0.527,0.371,0.485,0.785,14.7,7.6,27.2,39.6,69,1
Toronto Raptors,2005-06,0,82,27,55,0.329,15,26,0.366,12,29,0.293,101.1,104,-2.9,109.5,112.7,0.5,0.53,0.375,0.491,0.791,13.1,6.5,27.9,38.5,73.3,1
Utah Jazz,2005-06,0,82,41,41,0.500,22,19,0.537,19,22,0.463,92.4,95,-2.6,104.1,107,0.467,0.49,0.336,0.449,0.719,15.7,6.4,29,42.1,73.2,0
Washington Wizards*,2005-06,0,82,42,40,0.512,27,14,0.659,15,26,0.366,101.7,99.8,1.9,109.3,107.3,0.484,0.504,0.357,0.465,0.757,13.9,8,28.6,41.2,70.9,1
Atlanta Hawks,2006-07,0,82,30,52,0.366,18,23,0.439,12,29,0.293,93.7,98.4,-4.7,103,108.3,0.471,0.503,0.329,0.466,0.761,15.9,7.4,28.2,40.1,70.9,1
Boston Celtics,2006-07,0,82,24,58,0.293,12,29,0.293,12,29,0.293,95.8,99.2,-3.4,103.2,106.9,0.479,0.502,0.367,0.468,0.767,16.5,7.2,29.2,40.4,73.8,0
Charlotte Bobcats,2006-07,0,82,33,49,0.402,20,21,0.488,13,28,0.317,96.9,100.6,-3.7,103.6,107.6,0.48,0.5,0.357,0.465,0.734,14.9,7.8,28.6,39.8,71.6,0
Chicago Bulls*,2006-07,0,82,49,33,0.598,31,10,0.756,18,23,0.439,98.8,93.8,5.0,104.9,99.6,0.493,0.473,0.388,0.435,0.734,16,7.8,31.7,43.7,74.3,0
Cleveland Cavaliers*,2006-07,0,82,50,32,0.610,30,11,0.732,20,21,0.488,96.8,92.9,3.9,105.5,101.3,0.484,0.48,0.352,0.448,0.696,14.4,7.6,30.8,43.5,75.8,1
Dallas Mavericks*,2006-07,0,82,67,15,0.817,36,5,0.878,31,10,0.756,100,92.8,7.2,111.3,103.2,0.509,0.477,0.381,0.447,0.805,13.9,6.8,30.7,41.9,75,2
Denver Nuggets*,2006-07,0,82,45,37,0.549,23,18,0.561,22,19,0.537,105.4,103.7,1.7,107.6,105.9,0.501,0.499,0.336,0.46,0.746,16.5,8.3,31.2,43.4,71.8,2
Detroit Pistons*,2006-07,0,82,53,29,0.646,26,15,0.634,27,14,0.659,96,91.8,4.2,108.9,104.2,0.488,0.477,0.344,0.445,0.774,12.2,7.1,29,40.5,70.9,2
Golden State Warriors*,2006-07,0,82,42,40,0.512,30,11,0.732,12,29,0.293,106.5,106.9,-0.4,107,107.4,0.512,0.506,0.356,0.462,0.717,16,9.1,30,41.4,69.6,0
Houston Rockets*,2006-07,0,82,52,30,0.634,28,13,0.683,24,17,0.585,97,92.1,4.9,106,100.7,0.499,0.466,0.372,0.429,0.753,14.2,7.1,32.6,43.3,77,2
Indiana Pacers,2006-07,0,82,35,47,0.427,22,19,0.537,13,28,0.317,95.6,98,-2.4,102.9,105.5,0.474,0.491,0.346,0.457,0.76,16.3,7.3,29.8,41.8,72.7,1
Los Angeles Clippers,2006-07,0,82,40,42,0.488,25,16,0.610,15,26,0.366,95.6,96.1,-0.5,105.1,105.6,0.481,0.488,0.348,0.452,0.788,15.1,7.3,30.3,41.1,74.7,0
Los Angeles Lakers*,2006-07,0,82,42,40,0.512,25,16,0.610,17,24,0.415,103.3,103.4,-0.1,108.6,108.6,0.511,0.5,0.353,0.461,0.747,15.5,7.3,30.4,41.2,72.3,1
Memphis Grizzlies,2006-07,0,82,22,60,0.268,14,27,0.341,8,33,0.195,101.6,106.7,-5.1,106.9,112.3,0.504,0.529,0.367,0.486,0.761,16.4,6.9,29,39.5,71.1,0
Miami Heat*,2006-07,0,82,44,38,0.537,27,14,0.659,17,24,0.415,94.6,95.5,-0.9,104.3,105.3,0.506,0.485,0.343,0.444,0.69,14.6,6.9,30.8,40.8,73.3,2
Milwaukee Bucks,2006-07,0,82,28,54,0.341,18,23,0.439,10,31,0.244,99.7,104,-4.3,107,111.7,0.504,0.522,0.356,0.48,0.733,15.1,7.2,27.7,39.2,68.1,0
Minnesota Timberwolves,2006-07,0,82,32,50,0.390,20,21,0.488,12,29,0.293,96.1,99.7,-3.6,103.9,107.9,0.49,0.498,0.353,0.46,0.792,15.6,6.5,30.2,40.2,72.1,1
New Jersey Nets*,2006-07,0,82,41,41,0.500,24,17,0.585,17,24,0.415,97.6,98.3,-0.7,105.7,106.6,0.504,0.49,0.363,0.45,0.727,14.8,6.1,30.8,40.8,74.4,2
New Orleans/Oklahoma City Hornets,2006-07,0,82,39,43,0.476,24,17,0.585,15,26,0.366,95.5,97.1,-1.6,104.8,106.5,0.479,0.499,0.362,0.457,0.74,14.5,6.4,30.6,43.1,74.7,0
New York Knicks,2006-07,0,82,33,49,0.402,19,22,0.463,14,27,0.341,97.5,100.3,-2.8,105.7,108.8,0.494,0.504,0.346,0.46,0.715,17.1,6.6,30.7,43.3,74,0
Orlando Magic*,2006-07,0,82,40,42,0.488,25,16,0.610,15,26,0.366,94.8,94,0.8,104.9,104.1,0.5,0.48,0.356,0.442,0.702,17,6.9,29.5,40.7,73.7,1
Philadelphia 76ers,2006-07,0,82,35,47,0.427,21,20,0.512,14,27,0.341,94.9,98,-3.1,103.6,106.9,0.48,0.501,0.345,0.463,0.767,15.3,7.2,28.7,39.7,70.8,0
Phoenix Suns*,2006-07,0,82,61,21,0.744,33,8,0.805,28,13,0.683,110.2,102.9,7.3,113.9,106.4,0.551,0.492,0.399,0.457,0.808,14.5,6.7,31.5,40.5,71.9,3
Portland Trail Blazers,2006-07,0,82,32,50,0.390,18,23,0.439,14,27,0.341,94.1,98.4,-4.3,105.1,109.9,0.483,0.508,0.346,0.471,0.769,15.1,6.8,28,39.3,73,0
Sacramento Kings,2006-07,0,82,33,49,0.402,20,21,0.488,13,28,0.317,101.3,103.1,-1.8,106.2,108,0.491,0.513,0.35,0.472,0.765,14.6,8.2,29.2,38.9,72.5,0
San Antonio Spurs*,2006-07,0,82,58,24,0.707,31,10,0.756,27,14,0.659,98.5,90.1,8.4,109.2,99.9,0.521,0.471,0.381,0.443,0.751,13.9,7.2,31.4,40.7,75.7,2
Seattle SuperSonics,2006-07,0,82,31,51,0.378,20,21,0.488,11,30,0.268,99.1,102,-2.9,107.2,110.3,0.499,0.515,0.362,0.476,0.791,15.5,7.7,28.3,39.6,70.9,1
Toronto Raptors*,2006-07,0,82,47,35,0.573,30,11,0.732,17,24,0.415,99.5,98.5,1.0,107,106,0.504,0.503,0.363,0.463,0.788,13.5,7.1,30.2,39.5,74.5,1
Utah Jazz*,2006-07,0,82,51,31,0.622,31,10,0.756,20,21,0.488,101.5,98.6,2.9,110.1,107,0.502,0.496,0.335,0.455,0.743,15.6,7,30,42.5,75.1,2
Washington Wizards*,2006-07,0,82,41,41,0.500,26,15,0.634,15,26,0.366,104.3,104.9,-0.6,110.1,110.6,0.491,0.517,0.348,0.473,0.765,13.8,7.7,29,41.2,71,2
Atlanta Hawks*,2007-08,0,82,37,45,0.451,25,16,0.610,12,29,0.293,98.2,100,-1.8,106.9,108.9,0.483,0.501,0.356,0.463,0.772,14.9,7.3,29.9,42.2,71.7,1
Boston Celtics*,2007-08,1,82,66,16,0.805,35,6,0.854,31,10,0.756,100.5,90.3,10.2,110.2,98.9,0.522,0.457,0.381,0.419,0.771,15.2,8.5,31.9,42,74.4,3
Charlotte Bobcats,2007-08,0,82,32,50,0.390,21,20,0.512,11,30,0.268,97.1,101.4,-4.3,104.6,109.4,0.492,0.505,0.367,0.466,0.714,14.7,7.5,29.8,40.6,71,0
Chicago Bulls,2007-08,0,82,33,49,0.402,20,21,0.488,13,28,0.317,97.3,100.4,-3.1,103.9,107.2,0.47,0.496,0.363,0.453,0.756,14.6,7.7,30.2,43,73.1,0
Cleveland Cavaliers*,2007-08,0,82,45,37,0.549,27,14,0.659,18,23,0.439,96.4,96.7,-0.3,106,106.4,0.48,0.494,0.358,0.455,0.717,14,7.1,31.3,44.6,75.9,1
Dallas Mavericks*,2007-08,0,82,51,31,0.622,34,7,0.829,17,24,0.415,100.4,95.9,4.5,111.1,106.1,0.502,0.474,0.352,0.443,0.814,12.6,6,32.2,43,75,1
Denver Nuggets*,2007-08,0,82,50,32,0.610,33,8,0.805,17,24,0.415,110.7,107,3.7,110,106.3,0.51,0.499,0.355,0.457,0.751,14.7,9.2,32.9,44.1,72.1,2
Detroit Pistons*,2007-08,0,82,59,23,0.720,34,7,0.829,25,16,0.610,97.5,90.1,7.4,111.4,102.9,0.495,0.47,0.366,0.437,0.767,11.7,7.1,29.5,41.4,73.7,3
Golden State Warriors,2007-08,0,82,48,34,0.585,27,14,0.659,21,20,0.512,111,108.8,2.2,111.8,109.5,0.511,0.509,0.348,0.468,0.752,13.2,9.1,30.4,43.2,70.3,0
Houston Rockets*,2007-08,0,82,55,27,0.671,31,10,0.756,24,17,0.585,96.7,92,4.7,106.8,101.6,0.492,0.465,0.342,0.433,0.726,13.7,7.3,32.4,44.6,74.8,1
Indiana Pacers,2007-08,0,82,36,46,0.439,21,20,0.512,15,26,0.366,104,105.4,-1.4,106,107.5,0.498,0.498,0.374,0.454,0.768,15.1,7.6,32.1,43.1,73.9,0
Los Angeles Clippers,2007-08,0,82,23,59,0.280,13,28,0.317,10,31,0.244,93.8,101.1,-7.3,101.2,109.1,0.465,0.503,0.324,0.467,0.781,14.4,6.8,30.4,40.1,73.1,0
Los Angeles Lakers*,2007-08,0,82,57,25,0.695,30,11,0.732,27,14,0.659,108.6,101.3,7.3,113,105.5,0.525,0.485,0.378,0.445,0.769,14.1,8,33.2,44.1,73.4,1
Memphis Grizzlies,2007-08,0,82,22,60,0.268,14,27,0.341,8,33,0.195,100.7,106.9,-6.2,105,111.4,0.5,0.521,0.349,0.48,0.723,15.3,6.1,31.3,41.6,73.4,0
Miami Heat,2007-08,0,82,15,67,0.183,9,32,0.220,6,35,0.146,91.4,100,-8.6,100.5,110,0.482,0.51,0.358,0.468,0.727,14.7,7.2,28.6,37.6,71.9,1
Milwaukee Bucks,2007-08,0,82,26,56,0.317,19,22,0.463,7,34,0.171,97,103.9,-6.9,105.3,112.8,0.482,0.524,0.344,0.48,0.733,14.8,6.6,28.8,41.7,73,0
Minnesota Timberwolves,2007-08,0,82,22,60,0.268,15,26,0.366,7,34,0.171,95.6,102.4,-6.8,103.8,111.2,0.484,0.513,0.35,0.472,0.736,14.5,7.5,29.6,41.4,73.6,0
New Jersey Nets,2007-08,0,82,34,48,0.415,21,20,0.512,13,28,0.317,95.8,100.9,-5.1,104,109.4,0.481,0.497,0.348,0.456,0.736,15,6.4,30.7,41.9,73.8,1
New Orleans Hornets*,2007-08,0,82,56,26,0.683,30,11,0.732,26,15,0.634,100.9,95.6,5.3,111.5,105.7,0.512,0.501,0.389,0.46,0.769,11.9,7.8,30.4,41.8,75.4,2
New York Knicks,2007-08,0,82,23,59,0.280,15,26,0.366,8,33,0.195,96.9,103.5,-6.6,104.7,111.9,0.475,0.518,0.337,0.474,0.727,14.5,6.4,30,42.5,72.7,0
Orlando Magic*,2007-08,0,82,52,30,0.634,25,16,0.610,27,14,0.659,104.5,99,5.5,111.3,105.5,0.537,0.484,0.386,0.446,0.721,14.3,6.3,32.6,42,74.8,1
Philadelphia 76ers*,2007-08,0,82,40,42,0.488,22,19,0.537,18,23,0.439,96.6,96.2,0.4,106.4,106,0.482,0.504,0.317,0.461,0.706,14.3,8.7,28.9,41.9,72,0
Phoenix Suns*,2007-08,0,82,55,27,0.671,30,11,0.732,25,16,0.610,110.1,105,5.1,113.3,108.1,0.551,0.488,0.393,0.456,0.783,14.4,6.5,32.7,41.5,70.9,2
Portland Trail Blazers,2007-08,0,82,41,41,0.500,28,13,0.683,13,28,0.317,95.4,96.3,-0.9,107.3,108.4,0.489,0.491,0.377,0.451,0.767,12.9,5.5,29.7,40.7,71.8,1
Sacramento Kings,2007-08,0,82,38,44,0.463,26,15,0.634,12,29,0.293,102.5,104.8,-2.3,107.5,109.9,0.503,0.51,0.373,0.466,0.798,16.1,7.9,30,40.1,71.7,0
San Antonio Spurs*,2007-08,0,82,56,26,0.683,34,7,0.829,22,19,0.537,95.4,90.6,4.8,107.2,101.8,0.504,0.477,0.369,0.444,0.761,12.6,6.4,31.9,41.3,77.1,1
Seattle SuperSonics,2007-08,0,82,20,62,0.244,13,28,0.317,7,34,0.171,97.5,106.3,-8.8,100.5,109.5,0.467,0.503,0.333,0.461,0.77,16,6.5,32.8,44.6,73.7,0
Toronto Raptors*,2007-08,0,82,41,41,0.500,25,16,0.610,16,25,0.390,100.2,97.3,2.9,110.2,107,0.511,0.505,0.392,0.458,0.812,11.7,7,30.4,40.1,75,1
Utah Jazz*,2007-08,0,82,54,28,0.659,37,4,0.902,17,24,0.415,106.2,99.3,6.9,113.8,106.5,0.528,0.501,0.372,0.461,0.759,14.6,8.7,29.4,40.9,74.1,1
Washington Wizards*,2007-08,0,82,43,39,0.524,25,16,0.610,18,23,0.439,98.8,99.2,-0.4,109.2,109.6,0.489,0.513,0.356,0.461,0.782,13.2,7.7,29.3,41.6,72.8,2
Atlanta Hawks*,2008-09,0,82,47,35,0.573,31,10,0.756,16,25,0.390,98.1,96.5,1.6,109.3,107.6,0.504,0.494,0.366,0.454,0.737,12.8,7.4,29.4,40,71.6,1
Boston Celtics*,2008-09,0,82,62,20,0.756,35,6,0.854,27,14,0.659,100.9,93.4,7.5,110.5,102.3,0.528,0.47,0.397,0.431,0.765,15.6,7.6,31.5,42.1,75.6,3
Charlotte Bobcats,2008-09,0,82,35,47,0.427,23,18,0.561,12,29,0.293,93.6,94.9,-1.3,104.7,106.1,0.494,0.498,0.366,0.454,0.74,15.6,7.1,28.9,39.7,73,0
Chicago Bulls*,2008-09,0,82,41,41,0.500,28,13,0.683,13,28,0.317,102.2,102.5,-0.3,108.4,108.7,0.493,0.493,0.381,0.458,0.796,14.5,7.5,30.3,42.1,70.9,0
Cleveland Cavaliers*,2008-09,0,82,66,16,0.805,39,2,0.951,27,14,0.659,100.3,91.4,8.9,112.4,102.4,0.519,0.468,0.393,0.431,0.757,12.7,7.2,31.4,42.2,74.6,2
Dallas Mavericks*,2008-09,0,82,50,32,0.610,32,9,0.780,18,23,0.439,101.7,99.8,1.9,110.5,108.4,0.504,0.493,0.35,0.455,0.819,12.7,7.2,31.6,42.7,74.6,1
Denver Nuggets*,2008-09,0,82,54,28,0.659,33,8,0.805,21,20,0.512,104.3,100.9,3.4,110.4,106.8,0.512,0.485,0.371,0.44,0.76,15.3,8.7,30.6,41.6,71.7,1
Detroit Pistons*,2008-09,0,82,39,43,0.476,21,20,0.512,18,23,0.439,94.2,94.7,-0.5,107.4,108,0.483,0.485,0.349,0.451,0.751,11.9,6,29.9,41.4,74,1
Golden State Warriors,2008-09,0,82,29,53,0.354,21,20,0.512,8,33,0.195,108.6,112.3,-3.7,109.5,113.3,0.497,0.508,0.373,0.468,0.791,14.6,7.8,30.4,42,68.1,0
Houston Rockets*,2008-09,0,82,53,29,0.646,33,8,0.805,20,21,0.488,98.4,94.4,4.0,108.4,104,0.501,0.479,0.375,0.444,0.805,14.1,6.7,32.5,43,75.3,1
Indiana Pacers,2008-09,0,82,36,46,0.439,25,16,0.610,11,30,0.268,105.1,106.2,-1.1,108.1,109.2,0.501,0.499,0.378,0.458,0.807,14.5,7,32.5,43.7,74.5,1
Los Angeles Clippers,2008-09,0,82,19,63,0.232,11,30,0.268,8,33,0.195,95.1,103.9,-8.8,102.3,111.7,0.481,0.512,0.354,0.473,0.736,14.9,7,29,39.8,71.2,0
Los Angeles Lakers*,2008-09,1,82,65,17,0.793,36,5,0.878,29,12,0.707,106.9,99.3,7.6,112.8,104.7,0.513,0.49,0.361,0.447,0.77,13.5,8.8,31.5,43.9,73,2
Memphis Grizzlies,2008-09,0,82,24,58,0.293,16,25,0.390,8,33,0.195,93.9,99.3,-5.4,103.5,109.5,0.486,0.515,0.36,0.473,0.756,15.3,7.5,28.5,38.8,73.5,0
Miami Heat*,2008-09,0,82,43,39,0.524,28,13,0.683,15,26,0.366,98.3,98,0.3,107.8,107.6,0.5,0.501,0.357,0.455,0.754,12.5,7.9,29.4,39.5,72.9,1
Milwaukee Bucks,2008-09,0,82,34,48,0.415,22,19,0.537,12,29,0.293,99.3,100.4,-1.1,106.7,107.9,0.483,0.503,0.363,0.458,0.78,14.1,7.4,28.9,40.7,74,0
Minnesota Timberwolves,2008-09,0,82,24,58,0.293,11,30,0.268,13,28,0.317,97.8,102.7,-4.9,106.1,111.4,0.481,0.515,0.353,0.474,0.769,14.2,6.2,29.8,41.7,75,0
New Jersey Nets,2008-09,0,82,34,48,0.415,19,22,0.463,15,26,0.366,98.1,100.5,-2.4,108.3,111,0.497,0.509,0.376,0.462,0.779,13.1,6.8,29.5,39.8,73.5,1
New Orleans Hornets*,2008-09,0,82,49,33,0.598,28,13,0.683,21,20,0.512,95.8,94.3,1.5,108.7,107,0.501,0.496,0.364,0.45,0.807,12.5,7.2,29.9,39.7,74.9,2
New York Knicks,2008-09,0,82,32,50,0.390,20,21,0.488,12,29,0.293,105.2,107.8,-2.6,108.1,110.8,0.503,0.52,0.36,0.48,0.784,14.3,7.4,31,42.1,72.7,0
Oklahoma City Thunder,2008-09,0,82,23,59,0.280,15,26,0.366,8,33,0.195,97,103.1,-6.1,102.9,109.4,0.471,0.514,0.346,0.475,0.786,16.2,7.4,30.5,42.6,73.9,0
Orlando Magic*,2008-09,0,82,59,23,0.720,32,9,0.780,27,14,0.659,101,94.4,6.6,109.2,101.9,0.52,0.465,0.381,0.433,0.715,13.9,7,33.3,43.3,75.9,3
Philadelphia 76ers*,2008-09,0,82,41,41,0.500,24,17,0.585,17,24,0.415,97.4,97.3,0.1,107.9,107.8,0.485,0.507,0.318,0.462,0.745,14.1,8,28.5,41.2,71.4,0
Phoenix Suns,2008-09,0,82,46,36,0.561,28,13,0.683,18,23,0.439,109.4,107.5,1.9,113.6,111.6,0.545,0.511,0.383,0.467,0.744,15.7,7.2,30.7,41.7,71.7,2
Portland Trail Blazers*,2008-09,0,82,54,28,0.659,34,7,0.829,20,21,0.488,99.4,94.1,5.3,113.9,107.8,0.511,0.499,0.383,0.46,0.765,12.9,6.7,28.8,41.7,75,1
Sacramento Kings,2008-09,0,82,17,65,0.207,11,30,0.268,6,35,0.146,100.6,109.3,-8.7,105.5,114.7,0.491,0.526,0.368,0.483,0.798,15.4,6.9,28.9,39.1,69.9,0
San Antonio Spurs*,2008-09,0,82,54,28,0.659,28,13,0.683,26,15,0.634,97,93.3,3.7,108.5,104.3,0.513,0.487,0.386,0.453,0.761,11.7,5.8,32.2,41,78,2
Toronto Raptors,2008-09,0,82,33,49,0.402,18,23,0.439,15,26,0.366,99,101.9,-2.9,107,110,0.494,0.511,0.372,0.465,0.824,13.4,6.4,30.6,40.4,73.7,1
Utah Jazz*,2008-09,0,82,48,34,0.585,33,8,0.805,15,26,0.366,103.6,100.9,2.7,110.1,107.3,0.504,0.505,0.349,0.464,0.771,14.8,8.8,29.5,41,72.7,0
Washington Wizards,2008-09,0,82,19,63,0.232,13,28,0.317,6,35,0.146,96.1,103.5,-7.4,105.4,113.6,0.48,0.533,0.33,0.482,0.767,14,7.5,28.4,40.1,71.4,0
Atlanta Hawks*,2009-10,0,82,53,29,0.646,34,7,0.829,19,22,0.463,101.7,97,4.7,111.9,106.7,0.506,0.496,0.36,0.46,0.759,12,7.2,29.9,41.7,72.7,2
Boston Celtics*,2009-10,0,82,50,32,0.610,24,17,0.585,26,15,0.634,99.2,95.6,3.6,107.7,103.8,0.522,0.487,0.348,0.451,0.746,14.9,8.5,29.9,38.6,73.8,3
Charlotte Bobcats*,2009-10,0,82,44,38,0.537,31,10,0.756,13,28,0.317,95.3,93.8,1.5,104.4,102.8,0.49,0.491,0.346,0.448,0.751,15.7,7.7,30.4,40.8,74.2,1
Chicago Bulls*,2009-10,0,82,41,41,0.500,24,17,0.585,17,24,0.415,97.5,99.1,-1.6,103.5,105.3,0.477,0.484,0.33,0.442,0.754,14.3,6.5,33.1,44.5,74.8,1
Cleveland Cavaliers*,2009-10,0,82,61,21,0.744,35,6,0.854,26,15,0.634,102.1,95.6,6.5,111.2,104.1,0.532,0.482,0.381,0.442,0.72,13.9,6.9,32.8,42.5,77.2,1
Dallas Mavericks*,2009-10,0,82,55,27,0.671,28,13,0.683,27,14,0.659,102,99.3,2.7,109.2,106.3,0.506,0.495,0.372,0.457,0.816,12.9,7.6,31.5,41.7,73.7,2
Denver Nuggets*,2009-10,0,82,53,29,0.646,34,7,0.829,19,22,0.463,106.5,102.4,4.1,111.8,107.5,0.509,0.495,0.359,0.456,0.772,13.9,8.3,30.5,41.4,72.4,2
Detroit Pistons,2009-10,0,82,27,55,0.329,17,24,0.415,10,31,0.244,94,99.1,-5.1,105.6,111.4,0.474,0.526,0.314,0.48,0.728,13.4,7.3,27.3,40.2,73.4,0
Golden State Warriors,2009-10,0,82,26,56,0.317,18,23,0.439,8,33,0.195,108.8,112.4,-3.6,108.1,111.7,0.514,0.525,0.375,0.485,0.782,14.7,9.3,29.2,38.4,68.5,0
Houston Rockets,2009-10,0,82,42,40,0.512,23,18,0.561,19,22,0.463,102.4,102.7,-0.3,107.6,108,0.494,0.511,0.351,0.475,0.772,14.5,7.1,30.1,42,73.8,0
Indiana Pacers,2009-10,0,82,32,50,0.390,23,18,0.561,9,32,0.220,100.8,103.8,-3.0,103.7,106.8,0.491,0.49,0.348,0.453,0.775,15,7.1,31.9,41.5,73,0
Los Angeles Clippers,2009-10,0,82,29,53,0.354,21,20,0.512,8,33,0.195,95.7,102.1,-6.4,103.3,110.1,0.491,0.509,0.332,0.47,0.73,15.7,6.5,30.5,41.8,74,1
Los Angeles Lakers*,2009-10,1,82,57,25,0.695,34,7,0.829,23,18,0.561,101.7,97,4.7,108.8,103.7,0.496,0.484,0.341,0.446,0.765,13.4,7.5,32.5,44.3,74.4,2
Memphis Grizzlies,2009-10,0,82,40,42,0.488,23,18,0.561,17,24,0.415,102.5,104,-1.5,108.3,109.9,0.494,0.52,0.337,0.478,0.733,15.2,7.9,30.4,43.5,73.3,1
Miami Heat*,2009-10,0,82,47,35,0.573,24,17,0.585,23,18,0.561,96.5,94.2,2.3,106.6,104.1,0.496,0.48,0.346,0.439,0.752,13.2,7.4,31.1,41.8,74.9,1
Milwaukee Bucks*,2009-10,0,82,46,36,0.561,28,13,0.683,18,23,0.439,97.7,96,1.7,104.9,103.1,0.482,0.486,0.356,0.451,0.755,13.2,7.1,31.2,43,76.4,0
Minnesota Timberwolves,2009-10,0,82,15,67,0.183,10,31,0.244,5,36,0.122,98.2,107.8,-9.6,101.7,111.6,0.478,0.525,0.341,0.48,0.746,16.3,7.3,31.2,42.9,73.6,0
New Jersey Nets,2009-10,0,82,12,70,0.146,8,33,0.195,4,37,0.098,92.4,101.5,-9.1,100.6,110.5,0.458,0.517,0.318,0.481,0.78,14.4,7,28.8,39.7,71.8,0
New Orleans Hornets,2009-10,0,82,37,45,0.451,24,17,0.585,13,28,0.317,100.2,102.7,-2.5,107.4,110.1,0.506,0.523,0.363,0.483,0.778,13.5,7.6,29.9,40.3,73.8,1
New York Knicks,2009-10,0,82,29,53,0.354,18,23,0.439,11,30,0.268,102.1,105.9,-3.8,107.6,111.6,0.509,0.526,0.346,0.486,0.782,14,7.1,30.2,40.4,72.1,1
Oklahoma City Thunder*,2009-10,0,82,50,32,0.610,27,14,0.659,23,18,0.561,101.5,98,3.5,108.3,104.6,0.494,0.483,0.34,0.448,0.805,15,8,31.8,43.5,73.6,1
Orlando Magic*,2009-10,0,82,59,23,0.720,34,7,0.829,25,16,0.610,102.8,95.3,7.5,111.4,103.3,0.536,0.477,0.375,0.438,0.724,14.1,6.2,33.4,43.2,77.4,1
Philadelphia 76ers,2009-10,0,82,27,55,0.329,12,29,0.293,15,26,0.366,97.7,101.6,-3.9,106.1,110.3,0.496,0.518,0.343,0.472,0.756,14.5,8.1,29.5,41,73.2,1
Phoenix Suns*,2009-10,0,82,54,28,0.659,32,9,0.780,22,19,0.537,110.2,105.3,4.9,115.3,110.2,0.546,0.491,0.412,0.452,0.77,14.8,5.8,31.9,43,70.8,2
Portland Trail Blazers*,2009-10,0,82,50,32,0.610,26,15,0.634,24,17,0.585,98.1,94.8,3.3,110.8,107.1,0.499,0.502,0.354,0.464,0.79,12.3,6.4,29.1,40.2,74.8,1
Sacramento Kings,2009-10,0,82,25,57,0.305,18,23,0.439,7,34,0.171,100,104.4,-4.4,105.3,109.9,0.491,0.505,0.349,0.469,0.726,15,6.9,30.7,42.6,73.5,0
San Antonio Spurs*,2009-10,0,82,50,32,0.610,29,12,0.707,21,20,0.512,101.4,96.3,5.1,110,104.5,0.515,0.483,0.358,0.452,0.74,13.6,6.3,32,42.8,76.3,1
Toronto Raptors,2009-10,0,82,40,42,0.488,25,16,0.610,15,26,0.366,104.1,105.9,-1.8,111.3,113.2,0.521,0.513,0.371,0.468,0.764,13.4,5.7,30.6,40.4,72.9,1
Utah Jazz*,2009-10,0,82,53,29,0.646,32,9,0.780,21,20,0.512,104.2,98.9,5.3,110.7,105,0.524,0.492,0.364,0.449,0.741,15.2,8.2,31.6,42.2,75.6,1
Washington Wizards,2009-10,0,82,26,56,0.317,15,26,0.366,11,30,0.268,96.2,101,-4.8,104.2,109.4,0.481,0.502,0.353,0.463,0.762,14.9,6,30,41.8,72.4,0
Atlanta Hawks*,2010-11,0,82,44,38,0.537,24,17,0.585,20,21,0.488,95,95.8,-0.8,106.1,107,0.501,0.495,0.352,0.46,0.779,13.6,6.1,30,39.3,74.6,2
Boston Celtics*,2010-11,0,82,56,26,0.683,33,8,0.805,23,18,0.561,96.5,91.1,5.4,106.2,100.3,0.519,0.469,0.365,0.434,0.77,14.6,8.2,31,38.8,74.7,4
Charlotte Bobcats,2010-11,0,82,34,48,0.415,21,20,0.512,13,28,0.317,93.3,97.3,-4.0,103.4,107.8,0.482,0.5,0.327,0.455,0.756,14.5,6.4,29.8,40.1,75.2,0
Chicago Bulls*,2010-11,0,82,62,20,0.756,36,5,0.878,26,15,0.634,98.6,91.3,7.3,108.3,100.3,0.501,0.463,0.361,0.43,0.743,14.2,7.2,32.4,44.2,76.2,1
Cleveland Cavaliers,2010-11,0,82,19,63,0.232,12,29,0.293,7,34,0.171,95.5,104.5,-9.0,102.2,111.8,0.472,0.524,0.342,0.475,0.745,14.2,6.6,29.9,40.3,73.3,0
Dallas Mavericks*,2010-11,0,82,57,25,0.695,29,12,0.707,28,13,0.683,100.2,96,4.2,109.7,105,0.525,0.488,0.365,0.45,0.777,14,6.8,31.9,41.4,74.8,1
Denver Nuggets*,2010-11,0,82,50,32,0.610,33,8,0.805,17,24,0.415,107.5,102.7,4.8,112.3,107.3,0.526,0.5,0.388,0.459,0.765,14.1,7.4,32.3,42,75.4,1
Detroit Pistons,2010-11,0,82,30,52,0.366,21,20,0.512,9,32,0.220,97,100.6,-3.6,107.7,111.7,0.495,0.526,0.376,0.486,0.737,13,7.3,27.3,38.6,72.1,0
Golden State Warriors,2010-11,0,82,36,46,0.439,26,15,0.634,10,31,0.244,103.4,105.7,-2.3,108.2,110.7,0.51,0.509,0.392,0.467,0.761,14.6,9,28.9,40.5,69.3,0
Houston Rockets,2010-11,0,82,43,39,0.524,25,16,0.610,18,23,0.439,105.9,103.7,2.2,111.3,109,0.503,0.5,0.367,0.468,0.801,13.5,7.1,31.1,42.8,72.7,1
Indiana Pacers*,2010-11,0,82,37,45,0.451,24,17,0.585,13,28,0.317,99.8,100.9,-1.1,104.8,106,0.486,0.487,0.354,0.449,0.782,15.4,7.1,32.4,43.5,74.1,0
Los Angeles Clippers,2010-11,0,82,32,50,0.390,23,18,0.561,9,32,0.220,98.6,101.8,-3.2,105.3,108.7,0.496,0.499,0.338,0.455,0.707,16.4,7.1,30.5,42.1,73.2,1
Los Angeles Lakers*,2010-11,0,82,57,25,0.695,30,11,0.732,27,14,0.659,101.5,95.4,6.1,111,104.3,0.502,0.477,0.352,0.437,0.779,13.1,7.3,31.9,44,72.3,2
Memphis Grizzlies*,2010-11,0,82,46,36,0.561,30,11,0.732,16,25,0.390,99.9,97.6,2.3,107.6,105.1,0.493,0.502,0.334,0.457,0.75,14,9.4,29.2,41,72.5,0
Miami Heat*,2010-11,0,82,58,24,0.707,30,11,0.732,28,13,0.683,102.1,94.6,7.5,111.7,103.5,0.524,0.475,0.37,0.434,0.769,13.9,6.6,32.5,42.1,75.5,3
Milwaukee Bucks,2010-11,0,82,35,47,0.427,22,19,0.537,13,28,0.317,91.9,92.7,-0.8,101.6,102.5,0.467,0.481,0.342,0.447,0.757,13.5,7.5,30.2,40.8,74.8,0
Minnesota Timberwolves,2010-11,0,82,17,65,0.207,12,29,0.293,5,36,0.122,101.1,107.7,-6.6,104.2,111.1,0.483,0.514,0.376,0.468,0.768,17,7.2,31.2,44.4,73.7,1
New Jersey Nets,2010-11,0,82,24,58,0.293,19,22,0.463,5,36,0.122,94.2,100.4,-6.2,103.1,109.9,0.474,0.503,0.343,0.465,0.759,14,5.6,29.8,40.8,74.2,0
New Orleans Hornets*,2010-11,0,82,46,36,0.561,28,13,0.683,18,23,0.439,94.9,94,0.9,106.2,105.2,0.493,0.501,0.36,0.457,0.765,13,7.6,30.1,40.1,76.2,1
New York Knicks*,2010-11,0,82,42,40,0.512,23,18,0.561,19,22,0.463,106.5,105.7,0.8,110.9,110.1,0.513,0.511,0.368,0.472,0.809,13.7,7.6,30.1,40.5,71.9,1
Oklahoma City Thunder*,2010-11,0,82,55,27,0.671,30,11,0.732,25,16,0.610,104.8,101,3.8,111.2,107.2,0.501,0.493,0.347,0.458,0.823,14.1,8,31.8,42.8,73.6,2
Orlando Magic*,2010-11,0,82,52,30,0.634,29,12,0.707,23,18,0.561,99.2,93.7,5.5,107.9,102,0.521,0.475,0.366,0.436,0.692,14.9,6.7,32.7,43.2,76.9,1
Philadelphia 76ers*,2010-11,0,82,41,41,0.500,26,15,0.634,15,26,0.366,99,97.5,1.5,106.6,105,0.494,0.487,0.355,0.451,0.77,13,7.6,31.4,41.8,74.5,0
Phoenix Suns,2010-11,0,82,40,42,0.488,23,18,0.561,17,24,0.415,105,105.9,-0.9,109.5,110.4,0.522,0.513,0.377,0.472,0.759,14.3,6.6,30.2,40.2,71.6,0
Portland Trail Blazers*,2010-11,0,82,48,34,0.585,30,11,0.732,18,23,0.439,96.3,94.8,1.5,108.8,107.1,0.486,0.51,0.345,0.467,0.804,13,8,27.2,39.3,72,0
Sacramento Kings,2010-11,0,82,24,58,0.293,11,30,0.268,13,28,0.317,99.4,104.7,-5.3,103.5,109,0.48,0.513,0.335,0.478,0.734,16.1,7.4,30.8,43.9,74.4,0
San Antonio Spurs*,2010-11,0,82,61,21,0.744,36,5,0.878,25,16,0.610,103.7,98,5.7,111.8,105.6,0.527,0.491,0.397,0.456,0.767,13.4,7.3,31.7,41.9,74.6,2
Toronto Raptors,2010-11,0,82,22,60,0.268,16,25,0.390,6,35,0.146,99.1,105.4,-6.3,106.1,112.9,0.491,0.522,0.316,0.482,0.755,14.7,7.1,28.6,40.3,72,0
Utah Jazz,2010-11,0,82,39,43,0.476,21,20,0.512,18,23,0.439,99.4,101.3,-1.9,108.1,110.1,0.498,0.505,0.346,0.459,0.771,14.3,7.7,28.5,39.5,71.7,1
Washington Wizards,2010-11,0,82,23,59,0.280,20,21,0.488,3,38,0.073,97.3,104.7,-7.4,102.4,110.2,0.471,0.512,0.332,0.471,0.745,15.3,8.1,29,41.3,70.5,0
Atlanta Hawks*,2011-12,0,66,40,26,0.606,23,10,0.697,17,16,0.515,96.6,93.2,3.4,104.9,101.2,0.5,0.48,0.37,0.444,0.74,14,8.1,31.3,41.2,74.4,1
Boston Celtics*,2011-12,0,66,39,27,0.591,24,9,0.727,15,18,0.455,91.8,89.3,2.5,101,98.2,0.496,0.452,0.367,0.419,0.778,14.8,7.5,31.1,38.8,72.4,2
Charlotte Bobcats,2011-12,0,66,7,59,0.106,4,29,0.121,3,30,0.091,87,100.9,-13.9,95.2,110.4,0.439,0.512,0.295,0.475,0.746,14.5,6,28.7,39,70.9,0
Chicago Bulls*,2011-12,0,66,50,16,0.758,26,7,0.788,24,9,0.727,96.3,88.2,8.1,107.4,98.3,0.49,0.45,0.375,0.421,0.722,14,6.9,32.8,46.7,74.3,2
Cleveland Cavaliers,2011-12,0,66,21,45,0.318,11,22,0.333,10,23,0.303,93,100.2,-7.2,101.1,108.9,0.463,0.508,0.346,0.467,0.716,15.4,7.1,29.5,42.3,72.2,0
Dallas Mavericks*,2011-12,0,66,36,30,0.545,23,10,0.697,13,20,0.394,95.8,94.8,1.0,103.3,102.3,0.489,0.479,0.339,0.435,0.771,14,8.6,32.7,42.8,74.8,1
Denver Nuggets*,2011-12,0,66,38,28,0.576,20,13,0.606,18,15,0.545,104.1,101.2,2.9,109.2,106.2,0.516,0.508,0.332,0.456,0.735,15.4,8.2,31.9,43.1,74.3,0
Detroit Pistons,2011-12,0,66,25,41,0.379,18,15,0.545,7,26,0.212,90.9,95.7,-4.8,101,106.3,0.468,0.5,0.346,0.462,0.752,15.7,7,28.5,40.3,72.8,0
Golden State Warriors,2011-12,0,66,23,43,0.348,12,21,0.364,11,22,0.333,97.8,101.2,-3.4,105.4,109.1,0.505,0.496,0.388,0.453,0.77,13.9,8,29.5,39.2,69.1,0
Houston Rockets,2011-12,0,66,34,32,0.515,22,11,0.667,12,21,0.364,98.1,97.9,0.2,105.5,105.2,0.492,0.49,0.359,0.456,0.782,14.5,7.5,30.5,42.2,73.4,0
Indiana Pacers*,2011-12,0,66,42,24,0.636,23,10,0.697,19,14,0.576,97.7,94.4,3.3,106.7,103.1,0.474,0.476,0.368,0.435,0.782,14,7.9,31.4,43.9,72.3,1
Los Angeles Clippers*,2011-12,0,66,40,26,0.606,24,9,0.727,16,17,0.485,97.5,95,2.5,108.5,105.7,0.502,0.492,0.357,0.447,0.68,13.3,8.4,29.4,41.6,73.2,2
Los Angeles Lakers*,2011-12,0,66,41,25,0.621,26,7,0.788,15,18,0.455,97.3,95.9,1.4,106,104.4,0.491,0.476,0.326,0.437,0.756,15.1,5.9,34.1,46.2,74.8,2
Memphis Grizzlies*,2011-12,0,66,41,25,0.621,26,7,0.788,15,18,0.455,95,93,2.0,104,101.8,0.473,0.485,0.326,0.444,0.759,14.5,9.6,29.5,42,72.7,1
Miami Heat*,2011-12,0,66,46,20,0.697,28,5,0.848,18,15,0.545,98.5,92.5,6.0,106.6,100.2,0.505,0.479,0.359,0.434,0.775,15.2,8.9,31.2,41.6,73.9,3
Milwaukee Bucks,2011-12,0,66,31,35,0.470,17,16,0.515,14,19,0.424,99,98.7,0.3,105.5,105.2,0.481,0.489,0.345,0.449,0.774,14.1,8.3,30,42.5,70.9,0
Minnesota Timberwolves,2011-12,0,66,26,40,0.394,13,20,0.394,13,20,0.394,97.9,100.1,-2.2,104.3,106.6,0.477,0.491,0.332,0.455,0.771,15.2,6.6,31.7,43.7,73,1
New Jersey Nets,2011-12,0,66,22,44,0.333,9,24,0.273,13,20,0.394,93.1,99.1,-6.0,102.9,109.6,0.473,0.513,0.342,0.472,0.777,15.1,7.5,28.5,40.3,70.7,1
New Orleans Hornets,2011-12,0,66,21,45,0.318,11,22,0.333,10,23,0.303,89.6,93.4,-3.8,100.9,105.1,0.476,0.485,0.333,0.444,0.757,15.5,7.4,30.2,41.1,73.1,0
New York Knicks*,2011-12,0,66,36,30,0.545,22,11,0.667,14,19,0.424,97.8,94.7,3.1,104.4,101,0.492,0.485,0.336,0.442,0.741,16,9.4,30.5,41.7,73.7,1
Oklahoma City Thunder*,2011-12,0,66,47,19,0.712,26,7,0.788,21,12,0.636,103.1,96.9,6.2,109.8,103.2,0.516,0.465,0.358,0.427,0.806,16.3,7.5,32.7,43.7,72.1,2
Orlando Magic*,2011-12,0,66,37,29,0.561,21,12,0.636,16,17,0.485,94.2,93.4,0.8,105,104.1,0.506,0.488,0.375,0.449,0.66,14.9,6.8,31.2,42.5,75.5,1
Philadelphia 76ers*,2011-12,0,66,35,31,0.530,19,14,0.576,16,17,0.485,93.6,89.4,4.2,103.9,99.2,0.48,0.46,0.362,0.427,0.742,11.2,8,32.5,43.2,75.2,1
Phoenix Suns,2011-12,0,66,33,33,0.500,19,14,0.576,14,19,0.424,98.4,98.6,-0.2,106.2,106.5,0.499,0.491,0.343,0.455,0.757,14.1,6.5,30.8,41.7,71.7,1
Portland Trail Blazers,2011-12,0,66,28,38,0.424,20,13,0.606,8,25,0.242,97.2,97.8,-0.6,105.7,106.4,0.488,0.504,0.346,0.463,0.796,14.2,8,29.5,40.7,72.8,1
Sacramento Kings,2011-12,0,66,22,44,0.333,16,17,0.485,6,27,0.182,98.8,104.4,-5.6,103.8,109.8,0.472,0.515,0.316,0.476,0.736,14.4,8.5,29.5,42.9,70.5,0
San Antonio Spurs*,2011-12,0,66,50,16,0.758,28,5,0.848,22,11,0.667,103.7,96.5,7.2,110.9,103.2,0.528,0.489,0.393,0.452,0.748,13.6,7.4,32.6,43,76,1
Toronto Raptors,2011-12,0,66,23,43,0.348,13,20,0.394,10,23,0.303,90.7,94,-3.3,100.8,104.5,0.475,0.475,0.34,0.435,0.77,15.2,6.5,31.4,42,75.4,0
Utah Jazz*,2011-12,0,66,36,30,0.545,25,8,0.758,11,22,0.333,99.7,99,0.7,106.8,106.1,0.481,0.493,0.323,0.453,0.754,14.2,8.3,31.1,44.2,73.8,0
Washington Wizards,2011-12,0,66,20,46,0.303,11,22,0.333,9,24,0.273,93.6,98.4,-4.8,101,106.2,0.472,0.492,0.32,0.453,0.727,15.3,8,29.9,41.7,70.9,0
Atlanta Hawks*,2012-13,0,82,44,38,0.537,25,16,0.610,19,22,0.463,98,97.5,0.5,104.8,104.4,0.517,0.496,0.371,0.45,0.715,14.9,8.1,31.6,40.9,73.6,0
Boston Celtics*,2012-13,0,81,41,40,0.506,27,13,0.675,14,27,0.341,96.5,96.7,-0.2,103.1,103.3,0.503,0.482,0.358,0.441,0.776,14.6,8.2,31.3,39.3,73.3,2
Brooklyn Nets*,2012-13,0,82,49,33,0.598,26,15,0.634,23,18,0.561,96.9,95.1,1.8,108.2,106.2,0.498,0.503,0.357,0.464,0.731,14.7,7.3,30,42.8,73.7,0
Charlotte Bobcats,2012-13,0,82,21,61,0.256,15,26,0.366,6,35,0.146,93.4,102.7,-9.3,101.5,111.5,0.46,0.524,0.335,0.471,0.75,14.1,7.2,29.1,40.3,71.1,0
Chicago Bulls*,2012-13,0,82,45,37,0.549,24,17,0.585,21,20,0.512,93.2,92.9,0.3,103.5,103.2,0.47,0.477,0.353,0.443,0.773,14.3,7.2,30.7,43.2,73.6,2
Cleveland Cavaliers,2012-13,0,82,24,58,0.293,14,27,0.341,10,31,0.244,96.5,101.2,-4.7,104.3,109.4,0.473,0.523,0.346,0.476,0.756,14,7.9,28.8,41,72.6,1
Dallas Mavericks,2012-13,0,82,41,41,0.500,24,17,0.585,17,24,0.415,101.1,101.7,-0.6,105.9,106.5,0.506,0.492,0.372,0.445,0.793,14,7.9,32.6,41.9,73.1,0
Denver Nuggets*,2012-13,0,82,57,25,0.695,38,3,0.927,19,22,0.463,106.1,101.1,5.0,110.4,105.1,0.515,0.493,0.343,0.444,0.701,15.3,9.3,31.7,45,71.8,0
Detroit Pistons,2012-13,0,82,29,53,0.354,18,23,0.439,11,30,0.268,94.9,98.8,-3.9,103.8,108.1,0.487,0.505,0.356,0.459,0.699,15.1,7,30,42.1,73,0
Golden State Warriors*,2012-13,0,82,47,35,0.573,28,13,0.683,19,22,0.463,101.2,100.3,0.9,106.4,105.5,0.506,0.486,0.403,0.439,0.79,15.1,6.9,34.2,45,75.5,1
Houston Rockets*,2012-13,0,82,45,37,0.549,29,12,0.707,16,25,0.390,106,102.5,3.5,109.7,106.1,0.525,0.502,0.366,0.454,0.754,16.4,8.3,32.3,43.4,75.2,1
Indiana Pacers*,2012-13,0,81,49,32,0.605,30,11,0.732,19,21,0.475,94.7,90.7,4.0,104.3,99.8,0.479,0.453,0.347,0.42,0.746,15.1,7.2,33,45.9,74.6,1
Los Angeles Clippers*,2012-13,0,82,56,26,0.683,32,9,0.780,24,17,0.585,101.1,94.6,6.5,110.6,103.6,0.526,0.492,0.358,0.443,0.711,14.6,9.6,30.2,41.6,73.5,2
Los Angeles Lakers*,2012-13,0,82,45,37,0.549,29,12,0.707,16,25,0.390,102.2,101,1.2,107.8,106.6,0.512,0.496,0.355,0.453,0.692,15,7,33.3,44.8,74.3,2
Memphis Grizzlies*,2012-13,0,82,56,26,0.683,32,9,0.780,24,17,0.585,93.4,89.3,4.1,104.9,100.3,0.472,0.475,0.345,0.435,0.773,14,8.6,29.8,42.7,74.3,1
Miami Heat*,2012-13,0,82,66,16,0.805,37,4,0.902,29,12,0.707,102.9,95,7.9,112.3,103.7,0.552,0.487,0.396,0.44,0.754,13.9,8.7,30.4,38.6,73,3
Milwaukee Bucks*,2012-13,0,82,38,44,0.463,21,20,0.512,17,24,0.415,98.9,100.4,-1.5,103.6,105.2,0.476,0.492,0.36,0.454,0.736,14.1,8.4,30.9,44,71.3,0
Minnesota Timberwolves,2012-13,0,82,31,51,0.378,20,21,0.488,11,30,0.268,95.7,98.1,-2.4,102.9,105.4,0.473,0.511,0.305,0.468,0.742,14.8,8.5,30.2,42,74,0
New Orleans Hornets,2012-13,0,82,27,55,0.329,16,25,0.390,11,30,0.268,94.1,97.9,-3.8,105.7,110.1,0.489,0.52,0.363,0.471,0.776,14.5,6.3,29.6,41.6,74.4,0
New York Knicks*,2012-13,0,82,54,28,0.659,31,10,0.756,23,18,0.561,100,95.7,4.3,111.1,106.3,0.515,0.508,0.376,0.458,0.759,12,8.2,29.7,40.6,74.7,2
Oklahoma City Thunder*,2012-13,0,82,60,22,0.732,34,7,0.829,26,15,0.634,105.7,96.5,9.2,112.4,102.6,0.527,0.469,0.377,0.425,0.828,15.3,8.3,33.2,43.6,73.4,2
Orlando Magic,2012-13,0,82,20,62,0.244,12,29,0.293,8,33,0.195,94.1,101.1,-7.0,101.6,109.1,0.485,0.508,0.329,0.463,0.755,14.5,6.4,31.9,42.7,74.6,0
Philadelphia 76ers,2012-13,0,82,34,48,0.415,23,18,0.561,11,30,0.268,93.2,96.5,-3.3,102,105.7,0.481,0.495,0.36,0.454,0.729,13,7.4,30.4,41.3,73.4,1
Phoenix Suns,2012-13,0,82,25,57,0.305,17,24,0.415,8,33,0.195,95.2,101.6,-6.4,101.2,108.1,0.477,0.512,0.33,0.47,0.744,15.6,8,29.9,41.6,71.9,0
Portland Trail Blazers,2012-13,0,82,33,49,0.402,22,19,0.537,11,30,0.268,97.5,100.7,-3.2,105.8,109.2,0.498,0.512,0.353,0.474,0.776,14.7,6.6,30.2,40.8,73.3,1
Sacramento Kings,2012-13,0,82,28,54,0.341,20,21,0.488,8,33,0.195,100.2,105.1,-4.9,106.2,111.4,0.491,0.517,0.363,0.472,0.769,14.6,8.2,29.1,40.6,71,0
San Antonio Spurs*,2012-13,0,82,58,24,0.707,35,6,0.854,23,18,0.561,103,96.6,6.4,108.3,101.6,0.531,0.48,0.376,0.442,0.791,14.7,8.5,33.2,41.3,74.9,2
Toronto Raptors,2012-13,0,82,34,48,0.415,21,20,0.512,13,28,0.317,97.2,98.7,-1.5,105.9,107.5,0.488,0.5,0.343,0.458,0.788,13.7,7.3,29.6,40.2,73.4,0
Utah Jazz,2012-13,0,82,43,39,0.524,30,11,0.732,13,28,0.317,98,98.1,-0.1,106.7,106.8,0.492,0.501,0.366,0.458,0.764,14.8,8.4,30,42,73.2,0
Washington Wizards,2012-13,0,82,29,53,0.354,22,19,0.537,7,34,0.171,93.2,95.8,-2.6,100.2,103,0.475,0.483,0.365,0.44,0.733,15.1,7.3,32.3,43.2,74.6,0
Atlanta Hawks*,2013-14,0,82,38,44,0.463,24,17,0.585,14,27,0.341,101,101.5,-0.5,105.9,106.4,0.515,0.51,0.363,0.462,0.781,15.3,8.3,31.3,40,74.4,1
Boston Celtics,2013-14,0,82,25,57,0.305,16,25,0.390,9,32,0.220,96.2,100.7,-4.5,102.9,107.7,0.477,0.505,0.333,0.465,0.777,15.4,7.1,30.5,42.5,74.2,0
Brooklyn Nets*,2013-14,0,82,44,38,0.537,28,13,0.683,16,25,0.390,98.5,99.5,-1.0,106.7,107.7,0.514,0.509,0.369,0.458,0.753,14.5,8.6,29.4,38.1,72.3,1
Charlotte Bobcats*,2013-14,0,82,43,39,0.524,25,16,0.610,18,23,0.439,96.9,97.1,-0.2,103.6,103.8,0.481,0.491,0.351,0.442,0.737,12.3,6.1,33.2,42.7,77.6,0
Chicago Bulls*,2013-14,0,82,48,34,0.585,27,14,0.659,21,20,0.512,93.7,91.8,1.9,102.5,100.5,0.471,0.471,0.348,0.43,0.779,14.9,7.2,32.7,44.1,75.4,1
Cleveland Cavaliers,2013-14,0,82,33,49,0.402,19,22,0.463,14,27,0.341,98.2,101.5,-3.3,104.2,107.7,0.479,0.508,0.356,0.452,0.751,14.2,7.1,32.1,44.1,75.8,1
Dallas Mavericks*,2013-14,0,82,49,33,0.598,26,15,0.634,23,18,0.561,104.8,102.4,2.4,111.2,108.7,0.526,0.515,0.384,0.464,0.795,13.5,8.6,30.7,40.9,72.7,1
Denver Nuggets,2013-14,0,82,36,46,0.439,22,19,0.537,14,27,0.341,104.4,106.5,-2.1,106,108.2,0.497,0.5,0.358,0.457,0.726,15.9,7.5,33.1,45.4,74.5,0
Detroit Pistons,2013-14,0,82,29,53,0.354,17,24,0.415,12,29,0.293,101,104.7,-3.7,105.9,109.7,0.482,0.52,0.321,0.47,0.67,14.5,8.4,30.8,45.4,73.4,0
Golden State Warriors*,2013-14,0,82,51,31,0.622,27,14,0.659,24,17,0.585,104.3,99.5,4.8,107.5,102.6,0.517,0.477,0.38,0.436,0.753,15.2,7.8,34.4,45.3,76.3,1
Houston Rockets*,2013-14,0,82,54,28,0.659,33,8,0.805,21,20,0.512,107.7,103.1,4.6,111,106.3,0.531,0.489,0.358,0.443,0.712,16.1,7.6,34.1,45.3,74.1,1
Indiana Pacers*,2013-14,0,82,56,26,0.683,35,6,0.854,21,20,0.512,96.7,92.3,4.4,104.1,99.3,0.49,0.46,0.357,0.42,0.779,15.1,6.7,34.5,44.7,76.8,2
Los Angeles Clippers*,2013-14,0,82,57,25,0.695,34,7,0.829,23,18,0.561,107.9,101,6.9,112.1,104.8,0.526,0.484,0.352,0.441,0.73,13.9,8.6,32.5,43,72.5,2
Los Angeles Lakers,2013-14,0,82,27,55,0.329,14,27,0.341,13,28,0.317,103,109.2,-6.2,104.2,110.6,0.505,0.513,0.381,0.468,0.757,15.1,7.5,32,41,71,2
Memphis Grizzlies*,2013-14,0,82,50,32,0.610,27,14,0.659,23,18,0.561,96.1,94.6,1.5,106.3,104.6,0.494,0.497,0.353,0.45,0.741,13.7,7.7,30.8,42.4,75.7,0
Miami Heat*,2013-14,0,82,54,28,0.659,32,9,0.780,22,19,0.537,102.2,97.4,4.8,110.9,105.8,0.554,0.511,0.364,0.457,0.76,14.8,8.9,29.2,36.9,73,3
Milwaukee Bucks,2013-14,0,82,15,67,0.183,10,31,0.244,5,36,0.122,95.5,103.7,-8.2,103,111.8,0.479,0.52,0.353,0.468,0.747,15.1,6.6,29.3,41.1,71.4,0
Minnesota Timberwolves,2013-14,0,82,40,42,0.488,24,17,0.585,16,25,0.390,106.9,104.3,2.6,108.9,106.2,0.486,0.518,0.341,0.471,0.778,13.9,8.8,32.2,44.7,74.4,1
New Orleans Pelicans,2013-14,0,82,34,48,0.415,22,19,0.537,12,29,0.293,99.7,102.4,-2.7,107.2,110.1,0.495,0.515,0.373,0.465,0.769,13.8,7.9,30.3,41.7,73.8,1
New York Knicks,2013-14,0,82,37,45,0.451,19,22,0.463,18,23,0.439,98.6,99.4,-0.8,108.3,109.1,0.505,0.514,0.372,0.458,0.761,13,7.7,29.7,40.3,74.3,1
Oklahoma City Thunder*,2013-14,0,82,59,23,0.720,34,7,0.829,25,16,0.610,106.2,99.8,6.4,110.5,103.9,0.52,0.488,0.361,0.436,0.806,15.3,8.3,33.9,44.7,75.6,1
Orlando Magic,2013-14,0,82,23,59,0.280,19,22,0.463,4,37,0.098,96.5,102,-5.5,101.7,107.4,0.487,0.504,0.353,0.456,0.763,14.9,7.7,32.4,42,75.5,0
Philadelphia 76ers,2013-14,0,82,19,63,0.232,9,32,0.220,5,36,0.122,99.5,109.9,-10.4,99.4,109.9,0.475,0.524,0.312,0.471,0.71,16.9,9.3,31.2,42.7,72.4,0
Phoenix Suns,2013-14,0,82,48,34,0.585,26,15,0.634,22,19,0.537,105.2,102.6,2.6,109.5,106.7,0.519,0.496,0.372,0.456,0.758,15.3,8.4,31.7,43,73.7,0
Portland Trail Blazers*,2013-14,0,82,54,28,0.659,31,10,0.756,23,18,0.561,106.7,102.8,3.9,111.5,107.4,0.504,0.488,0.372,0.451,0.815,13.7,5.5,34,46.4,74.7,2
Sacramento Kings,2013-14,0,82,28,54,0.341,17,24,0.415,11,30,0.268,100.5,103.4,-2.9,105.7,108.8,0.484,0.512,0.333,0.461,0.759,15.2,7.2,32.4,44.5,76.6,0
San Antonio Spurs*,2013-14,0,82,62,20,0.756,32,9,0.780,30,11,0.732,105.4,97.6,7.8,110.5,102.4,0.537,0.482,0.397,0.444,0.785,14.4,7.4,34,43.3,76.4,1
Toronto Raptors*,2013-14,0,82,48,34,0.585,26,15,0.634,22,19,0.537,101.3,98,3.3,108.8,105.3,0.498,0.493,0.372,0.45,0.782,14.1,7,31.1,42.5,74.9,1
Utah Jazz,2013-14,0,82,25,57,0.305,16,25,0.390,9,32,0.220,95,102.2,-7.2,103.5,111.3,0.484,0.518,0.344,0.473,0.747,14.6,7,30.2,41.2,74.5,0
Washington Wizards*,2013-14,0,82,44,38,0.537,22,19,0.537,22,19,0.537,100.7,99.4,1.3,106,104.6,0.506,0.504,0.38,0.458,0.731,14.7,8.1,31.4,42.2,75.7,1
Atlanta Hawks*,2014-15,0,82,60,22,0.732,35,6,0.854,25,16,0.610,102.5,97.1,5.4,108.9,103.1,0.527,0.492,0.38,0.439,0.778,14.2,9.1,31.8,40.6,73.4,4
Boston Celtics*,2014-15,0,82,40,42,0.488,21,20,0.512,19,22,0.463,101.4,101.2,0.2,104.7,104.5,0.489,0.494,0.327,0.45,0.754,13.8,8.2,32.7,43.8,75,0
Brooklyn Nets*,2014-15,0,82,38,44,0.463,19,22,0.463,19,22,0.463,98,100.9,-2.9,104.4,107.4,0.491,0.506,0.331,0.456,0.748,13.8,7,32,42.4,73.7,0
Charlotte Hornets,2014-15,0,82,33,49,0.402,19,22,0.463,14,27,0.341,94.2,97.3,-3.1,100.1,103.5,0.456,0.487,0.318,0.44,0.748,11.9,6.1,34.1,44.1,79.3,0
Chicago Bulls*,2014-15,0,82,50,32,0.610,27,14,0.659,23,18,0.561,100.8,97.8,3.0,107.5,104.3,0.489,0.473,0.353,0.435,0.783,14,6.3,34,45.7,74.4,2
Cleveland Cavaliers*,2014-15,0,82,53,29,0.646,31,10,0.756,22,19,0.537,103.1,98.7,4.4,111.1,106.3,0.52,0.502,0.367,0.456,0.751,14.3,7.4,31.9,43,74.7,2
Dallas Mavericks*,2014-15,0,82,50,32,0.610,27,14,0.659,23,18,0.561,105.2,102.3,2.9,109.5,106.4,0.515,0.503,0.352,0.45,0.752,13,8.1,31.8,42.3,72.2,1
Denver Nuggets,2014-15,0,82,30,52,0.366,19,22,0.463,11,30,0.268,101.5,105,-3.5,104.5,108.2,0.479,0.504,0.325,0.458,0.734,14.2,7.8,32.4,44.7,74.7,0
Detroit Pistons,2014-15,0,82,32,50,0.390,18,23,0.439,14,27,0.341,98.5,99.5,-1.0,105.3,106.4,0.482,0.502,0.344,0.456,0.703,13.4,7.6,32.1,44.9,75,0
Golden State Warriors*,2014-15,1,82,67,15,0.817,39,2,0.951,28,13,0.683,110,99.9,10.1,111.6,101.4,0.54,0.47,0.398,0.428,0.768,14.5,9.3,34.3,44.7,74.5,2
Houston Rockets*,2014-15,0,82,56,26,0.683,30,11,0.732,26,15,0.634,103.9,100.5,3.4,107,103.4,0.512,0.486,0.348,0.443,0.715,16.7,9.5,32,43.7,72.9,0
Indiana Pacers,2014-15,0,82,38,44,0.463,23,18,0.561,15,26,0.366,97.3,97,0.3,103.5,103.2,0.484,0.478,0.352,0.435,0.756,14,6.2,34.4,44.9,77.9,0
Los Angeles Clippers*,2014-15,0,82,56,26,0.683,30,11,0.732,26,15,0.634,106.7,100.1,6.6,112.4,105.5,0.533,0.493,0.376,0.442,0.71,12.3,7.8,33.1,42.6,75.7,2
Los Angeles Lakers,2014-15,0,82,21,61,0.256,12,29,0.293,9,32,0.220,98.5,105.3,-6.8,103.4,110.6,0.473,0.518,0.344,0.466,0.741,13.2,7,32.3,43.9,76.3,1
Memphis Grizzlies*,2014-15,0,82,55,27,0.671,31,10,0.756,24,17,0.585,98.3,95.1,3.2,105.7,102.2,0.489,0.492,0.339,0.442,0.773,13.3,8.5,32.1,42.6,75.3,1
Miami Heat,2014-15,0,82,37,45,0.451,20,21,0.488,17,24,0.415,94.7,97.3,-2.6,103.9,106.7,0.5,0.505,0.335,0.454,0.741,14.8,7.8,30,39.1,73.4,2
Milwaukee Bucks*,2014-15,0,82,41,41,0.500,23,18,0.561,18,23,0.439,97.8,97.4,0.4,102.7,102.2,0.499,0.487,0.363,0.437,0.757,16.7,9.6,31.4,42.1,73.3,0
Minnesota Timberwolves,2014-15,0,82,16,66,0.195,9,32,0.220,7,34,0.171,97.8,106.5,-8.7,102.9,112.2,0.468,0.537,0.332,0.487,0.776,15,8.1,29.3,40.9,71.6,0
New Orleans Pelicans*,2014-15,0,82,45,37,0.549,28,13,0.683,17,24,0.415,99.4,98.6,0.8,108.2,107.3,0.501,0.496,0.37,0.456,0.751,13.3,6.7,32,43.5,75.1,1
New York Knicks,2014-15,0,82,17,65,0.207,10,31,0.244,7,34,0.171,91.9,101.2,-9.3,99.9,110,0.47,0.512,0.347,0.46,0.769,14.7,7,29.8,40.4,73.1,1
Oklahoma City Thunder,2014-15,0,82,45,37,0.549,29,12,0.707,16,25,0.390,104,101.8,2.2,107.8,105.5,0.492,0.489,0.339,0.44,0.754,14.7,7.3,34.7,47.5,75.6,2
Orlando Magic,2014-15,0,82,25,57,0.305,13,28,0.317,12,29,0.293,95.7,101.4,-5.7,101.6,107.7,0.494,0.514,0.347,0.463,0.729,14.9,7.9,31.8,41.8,76,0
Philadelphia 76ers,2014-15,0,82,18,64,0.220,12,29,0.293,6,35,0.146,92,101,-9.0,95.5,104.8,0.459,0.497,0.32,0.449,0.676,17.7,9.6,30.9,42.9,73,0
Phoenix Suns,2014-15,0,82,39,43,0.476,22,19,0.537,17,24,0.415,102.4,103.3,-0.9,105.3,106.2,0.501,0.497,0.341,0.452,0.76,15.1,8.5,32.2,43.2,73.5,0
Portland Trail Blazers*,2014-15,0,82,51,31,0.622,32,9,0.780,19,22,0.463,102.8,98.6,4.2,108.2,103.7,0.508,0.476,0.362,0.439,0.801,13.6,6.4,35.1,45.9,76.2,2
Sacramento Kings,2014-15,0,82,29,53,0.354,18,23,0.439,11,30,0.268,101.3,105,-3.7,105.3,109.2,0.49,0.507,0.341,0.456,0.762,16.3,6.7,33.3,44.2,75.2,1
San Antonio Spurs*,2014-15,0,82,55,27,0.671,33,8,0.805,22,19,0.537,103.2,97,6.2,108.5,102,0.517,0.484,0.367,0.444,0.78,14,8,33.8,43.6,77.3,1
Toronto Raptors*,2014-15,0,82,49,33,0.598,27,14,0.659,22,19,0.537,104,100.9,3.1,111,107.7,0.508,0.506,0.352,0.459,0.787,12.9,7.5,30.8,41.5,73.3,1
Utah Jazz,2014-15,0,82,38,44,0.463,21,20,0.512,17,24,0.415,95.1,94.9,0.2,105.1,104.9,0.494,0.491,0.343,0.446,0.721,15.3,7.6,31.9,44,76.3,0
Washington Wizards*,2014-15,0,82,46,36,0.561,29,12,0.707,17,24,0.415,98.5,97.8,0.7,103.7,103,0.499,0.481,0.36,0.433,0.742,15,7.3,34.2,44.7,77.3,1
Atlanta Hawks*,2015-16,0,82,48,34,0.585,27,14,0.659,21,20,0.512,102.8,99.2,3.6,105.1,101.4,0.516,0.48,0.35,0.432,0.783,15,9.1,33.8,42.1,74.6,2
Boston Celtics*,2015-16,0,82,48,34,0.585,28,13,0.683,20,21,0.488,105.7,102.5,3.2,106.8,103.6,0.488,0.487,0.335,0.441,0.788,13.7,9.2,33.3,44.9,74.6,1
Brooklyn Nets,2015-16,0,82,21,61,0.256,14,27,0.341,7,34,0.171,98.6,106,-7.4,103.2,110.9,0.492,0.534,0.352,0.479,0.757,14.8,7.6,31.9,42.4,75.7,0
Charlotte Hornets*,2015-16,0,82,48,34,0.585,30,11,0.732,18,23,0.439,103.4,100.7,2.7,107.1,104.3,0.502,0.496,0.362,0.444,0.79,12.6,7.3,35,43.9,79.8,0
Chicago Bulls,2015-16,0,82,42,40,0.512,26,15,0.634,16,25,0.390,101.6,103.1,-1.5,105,106.5,0.487,0.485,0.371,0.441,0.787,13.9,6,35.2,46.3,74.9,2
Cleveland Cavaliers*,2015-16,1,82,57,25,0.695,33,8,0.805,24,17,0.585,104.3,98.3,6.0,110.9,104.5,0.524,0.496,0.362,0.448,0.748,13.6,6.7,33.9,44.5,78.5,1
Dallas Mavericks*,2015-16,0,82,42,40,0.512,23,18,0.561,19,22,0.463,102.3,102.6,-0.3,106.7,107,0.502,0.504,0.344,0.451,0.794,12.8,6.8,33.9,43.1,76.2,0
Denver Nuggets,2015-16,0,82,33,49,0.402,18,23,0.439,15,26,0.366,101.9,105,-3.1,105.6,108.9,0.489,0.515,0.338,0.461,0.766,14.7,7.4,33.1,44.6,77.3,0
Detroit Pistons*,2015-16,0,82,44,38,0.537,26,15,0.634,18,23,0.439,102,101.4,0.6,106.1,105.5,0.491,0.504,0.345,0.461,0.668,13.5,7,33.9,46.3,79.3,1
Golden State Warriors*,2015-16,0,82,73,9,0.890,39,2,0.951,34,7,0.829,114.9,104.1,10.8,114.5,103.8,0.563,0.479,0.416,0.435,0.763,15.2,8.4,36.2,46.2,76,3
Houston Rockets*,2015-16,0,82,41,41,0.500,23,18,0.561,18,23,0.439,106.5,106.4,0.1,108.3,108.1,0.516,0.516,0.347,0.459,0.694,15.9,10,31.7,43.1,72.8,1
Indiana Pacers*,2015-16,0,82,45,37,0.549,26,15,0.634,19,22,0.463,102.2,100.5,1.7,104.6,102.9,0.497,0.489,0.351,0.44,0.764,14.9,9,33.9,44.2,76,1
Los Angeles Clippers*,2015-16,0,82,53,29,0.646,29,12,0.707,24,17,0.585,104.5,100.2,4.3,108.3,103.8,0.524,0.48,0.364,0.434,0.692,13,8.6,33.3,42,73.8,1
Los Angeles Lakers,2015-16,0,82,17,65,0.207,12,29,0.293,5,36,0.122,97.3,106.9,-9.6,101.6,111.6,0.46,0.523,0.317,0.473,0.781,13.7,7.2,32.3,43,74.7,1
Memphis Grizzlies*,2015-16,0,82,42,40,0.512,26,15,0.634,16,25,0.390,99.1,101.3,-2.2,105.4,107.8,0.477,0.518,0.331,0.456,0.783,13.3,8.8,30.5,41.6,75.1,0
Miami Heat*,2015-16,0,82,48,34,0.585,28,13,0.683,20,21,0.488,100,98.4,1.6,106.1,104.4,0.508,0.485,0.336,0.442,0.744,14.1,6.7,34.3,44.1,77.8,2
Milwaukee Bucks,2015-16,0,82,33,49,0.402,23,18,0.561,10,31,0.244,99,103.2,-4.2,104.3,108.7,0.499,0.51,0.345,0.454,0.747,15.2,8.2,31.2,41.7,73.1,0
Minnesota Timberwolves,2015-16,0,82,29,53,0.354,14,27,0.341,15,26,0.366,102.4,106,-3.6,106.5,110.1,0.498,0.524,0.338,0.471,0.792,15,8,31.5,41.6,74.7,0
New Orleans Pelicans,2015-16,0,82,30,52,0.366,21,20,0.512,9,32,0.220,102.7,106.5,-3.8,105.6,109.5,0.498,0.523,0.36,0.468,0.776,13.4,7.7,33.1,42.6,78.8,1
New York Knicks,2015-16,0,82,32,50,0.390,18,23,0.439,14,27,0.341,98.4,101.1,-2.7,104.6,107.6,0.483,0.487,0.346,0.443,0.805,13.4,5.7,34,44.4,75.8,1
Oklahoma City Thunder*,2015-16,0,82,55,27,0.671,32,9,0.780,23,18,0.561,110.2,102.9,7.3,113.1,105.6,0.524,0.484,0.349,0.438,0.782,15.9,7.4,35.6,48.6,76,2
Orlando Magic,2015-16,0,82,35,47,0.427,23,18,0.561,12,29,0.293,102.1,103.7,-1.6,105.1,106.8,0.5,0.513,0.35,0.46,0.757,14.1,8.2,33,43.3,76.5,0
Philadelphia 76ers,2015-16,0,82,10,72,0.122,7,34,0.171,3,38,0.073,97.4,107.6,-10.2,98.8,109.2,0.487,0.51,0.339,0.464,0.694,16.4,8.3,31.8,41.2,74,0
Phoenix Suns,2015-16,0,82,23,59,0.280,14,27,0.341,9,32,0.220,100.9,107.5,-6.6,102.2,109,0.487,0.523,0.348,0.467,0.751,17.2,7.7,33.3,44.8,77.1,0
Portland Trail Blazers*,2015-16,0,82,44,38,0.537,28,13,0.683,16,25,0.390,105.1,104.3,0.8,108.8,108,0.511,0.503,0.37,0.453,0.754,14.6,6.9,33.9,45.5,76.2,0
Sacramento Kings,2015-16,0,82,33,49,0.402,18,23,0.439,15,26,0.366,106.6,109.1,-2.5,106,108.4,0.51,0.521,0.359,0.462,0.725,16.2,8.9,33.7,44.2,74.9,1
San Antonio Spurs*,2015-16,0,82,67,15,0.817,40,1,0.976,27,14,0.659,103.5,92.9,10.6,110.3,99,0.526,0.477,0.375,0.436,0.803,13.1,8.3,34.5,43.9,79.1,2
Toronto Raptors*,2015-16,0,82,56,26,0.683,32,9,0.780,24,17,0.585,102.7,98.2,4.5,110,105.2,0.504,0.498,0.37,0.444,0.777,13.1,7.8,33.2,43.4,77.7,2
Utah Jazz,2015-16,0,82,40,42,0.488,24,17,0.585,16,25,0.390,97.7,95.9,1.8,105.9,103.9,0.501,0.495,0.355,0.446,0.744,14.9,7.7,32.5,43.2,77.7,0
Washington Wizards,2015-16,0,82,41,41,0.500,22,19,0.537,19,22,0.463,104.1,104.6,-0.5,105.3,105.8,0.511,0.515,0.358,0.462,0.73,14.5,8.6,32.8,41.8,77.7,1
Atlanta Hawks*,2016-17,0,82,43,39,0.524,23,18,0.561,20,21,0.488,103.2,104,-0.8,104.9,105.7,0.504,0.507,0.341,0.444,0.728,15.8,8.2,34.1,44.3,76.1,1
Boston Celtics*,2016-17,0,82,53,29,0.646,30,11,0.732,23,18,0.561,108,105.4,2.6,111.2,108.4,0.525,0.503,0.359,0.45,0.807,13.3,7.5,32.9,42,75.3,1
Brooklyn Nets,2016-17,0,82,20,62,0.244,13,28,0.317,7,34,0.171,105.8,112.5,-6.7,104.1,110.7,0.507,0.513,0.338,0.458,0.788,16.5,7.2,35.1,43.9,76.1,0
Charlotte Hornets,2016-17,0,82,36,46,0.439,22,19,0.537,14,27,0.341,104.9,104.7,0.2,108.8,108.6,0.501,0.523,0.351,0.456,0.815,11.5,7,34.8,43.6,79.6,1
Chicago Bulls*,2016-17,0,82,41,41,0.500,25,16,0.610,16,25,0.390,102.9,102.4,0.5,107.4,107,0.487,0.507,0.34,0.456,0.798,13.6,7.8,34.1,46.3,76.8,1
Cleveland Cavaliers*,2016-17,0,82,51,31,0.622,31,10,0.756,20,21,0.488,110.3,107.2,3.1,113.6,110.3,0.547,0.516,0.384,0.458,0.748,13.7,6.6,34.4,43.7,75.8,3
Dallas Mavericks,2016-17,0,82,33,49,0.402,21,20,0.512,12,29,0.293,97.9,100.8,-2.9,105.6,108.8,0.505,0.529,0.355,0.469,0.801,11.9,7.5,30.7,38.6,77.6,0
Denver Nuggets,2016-17,0,82,40,42,0.488,22,19,0.537,18,23,0.439,111.7,111.2,0.5,113.2,112.7,0.53,0.532,0.368,0.477,0.774,15,6.9,34.6,46.4,78.7,0
Detroit Pistons,2016-17,0,82,37,45,0.451,24,17,0.585,13,28,0.317,101.3,102.5,-1.2,106,107.1,0.492,0.516,0.33,0.46,0.719,11.9,7,34.6,45.7,81.2,0
Golden State Warriors*,2016-17,1,82,67,15,0.817,36,5,0.878,31,10,0.756,115.9,104.3,11.6,115.6,104,0.563,0.486,0.383,0.435,0.788,14.8,9.6,35,44.4,74.9,4
Houston Rockets*,2016-17,0,82,55,27,0.671,30,11,0.732,25,16,0.610,115.3,109.6,5.7,114.7,109,0.545,0.519,0.357,0.463,0.766,15.1,8.2,33.5,44.4,75.8,1
Indiana Pacers*,2016-17,0,82,42,40,0.512,29,12,0.707,13,28,0.317,105.1,105.3,-0.2,108.6,108.8,0.516,0.512,0.376,0.451,0.81,13.8,8.2,33,42,75.5,1
Los Angeles Clippers*,2016-17,0,82,51,31,0.622,29,12,0.707,22,19,0.537,108.7,104.4,4.3,112.7,108.2,0.537,0.506,0.375,0.452,0.745,13,7.5,34,43,76.9,1
Los Angeles Lakers,2016-17,0,82,26,56,0.317,17,24,0.415,9,32,0.220,104.6,111.5,-6.9,106,113,0.501,0.542,0.346,0.483,0.754,15.2,8.2,32.1,43.5,75.8,0
Memphis Grizzlies*,2016-17,0,82,43,39,0.524,24,17,0.585,19,22,0.463,100.5,100,0.5,107.7,107.1,0.491,0.506,0.354,0.443,0.784,12.9,8,32,42.8,77.5,1
Miami Heat,2016-17,0,82,41,41,0.500,23,18,0.561,18,23,0.439,103.2,102.1,1.1,107.8,106.7,0.512,0.496,0.365,0.45,0.706,13.4,7.2,33,43.6,76.4,0
Milwaukee Bucks*,2016-17,0,82,42,40,0.512,23,18,0.561,19,22,0.463,103.6,103.8,-0.2,109.1,109.3,0.527,0.518,0.37,0.458,0.768,14,8.1,31.6,40.4,75.4,1
Minnesota Timberwolves,2016-17,0,82,31,51,0.378,20,21,0.488,11,30,0.268,105.6,106.7,-1.1,110.8,112,0.511,0.535,0.349,0.475,0.799,14,8,31,42.4,75.9,0
New Orleans Pelicans,2016-17,0,82,34,48,0.415,21,20,0.512,13,28,0.317,104.3,106.4,-2.1,105.2,107.4,0.504,0.509,0.35,0.45,0.75,12.9,7.8,35.1,43.7,76.8,1
New York Knicks,2016-17,0,82,31,51,0.378,19,22,0.463,12,29,0.293,104.3,108,-3.7,107.7,111.5,0.496,0.511,0.348,0.455,0.788,13.9,7.1,33.2,45.2,74.1,1
Oklahoma City Thunder*,2016-17,0,82,47,35,0.573,28,13,0.683,19,22,0.463,106.6,105.8,0.8,108.3,107.5,0.5,0.511,0.327,0.459,0.745,15,7.9,34.4,46.6,79,1
Orlando Magic,2016-17,0,82,29,53,0.354,16,25,0.390,13,28,0.317,101.1,107.6,-6.5,103.7,110.5,0.489,0.523,0.328,0.467,0.747,13.3,7.1,33.3,43.2,77.4,0
Philadelphia 76ers,2016-17,0,82,28,54,0.341,17,24,0.415,11,30,0.268,102.4,108.1,-5.7,103.2,108.9,0.501,0.512,0.34,0.461,0.771,16.7,8.4,33,42.8,75.3,0
Phoenix Suns,2016-17,0,82,24,58,0.293,15,26,0.366,9,32,0.220,107.7,113.3,-5.6,106.6,112.2,0.493,0.525,0.332,0.467,0.776,15.4,8.2,33.1,45,76.4,0
Portland Trail Blazers*,2016-17,0,82,41,41,0.500,25,16,0.610,16,25,0.390,107.9,108.5,-0.6,110.3,110.8,0.52,0.508,0.375,0.455,0.78,13.7,7,33.5,43.7,76.8,0
Sacramento Kings,2016-17,0,82,32,50,0.390,17,24,0.415,15,26,0.366,102.8,106.7,-3.9,107.3,111.3,0.516,0.528,0.376,0.462,0.775,14.6,7.6,32.3,41.1,76.3,1
San Antonio Spurs*,2016-17,0,82,61,21,0.744,31,10,0.756,30,11,0.732,105.3,98.1,7.2,111.1,103.5,0.524,0.492,0.391,0.443,0.797,13.4,8,33.9,43.9,77.6,1
Toronto Raptors*,2016-17,0,82,51,31,0.622,28,13,0.683,23,18,0.561,106.9,102.6,4.3,112.3,107.8,0.517,0.507,0.363,0.449,0.796,12.7,8.3,32.6,43.3,76.3,2
Utah Jazz*,2016-17,0,82,51,31,0.622,29,12,0.707,22,19,0.537,100.7,96.8,3.9,109.6,105.3,0.526,0.493,0.372,0.443,0.747,13.6,6.7,33.8,43.2,78.9,1
Washington Wizards*,2016-17,0,82,49,33,0.598,30,11,0.732,19,22,0.463,109.2,107.4,1.8,111.2,109.3,0.528,0.524,0.372,0.466,0.784,14.2,8.5,32.6,42.9,75.5,1
Atlanta Hawks,2017-18,0,82,24,58,0.293,16,25,0.390,8,33,0.195,103.4,108.8,-5.4,105,110.6,0.512,0.536,0.36,0.469,0.785,15.6,7.8,32.8,41.9,76.2,0
Boston Celtics*,2017-18,0,82,55,27,0.671,27,14,0.659,28,13,0.683,104,100.4,3.6,107.6,103.9,0.518,0.495,0.377,0.44,0.771,14,7.4,35.1,44.5,78.4,1
Brooklyn Nets,2017-18,0,82,28,54,0.341,15,26,0.366,13,28,0.317,106.6,110.3,-3.7,106.9,110.6,0.514,0.517,0.356,0.466,0.772,15.2,6.2,34.8,44.4,77,0
Charlotte Hornets,2017-18,0,82,36,46,0.439,21,20,0.512,15,26,0.366,108.2,108,0.2,109.4,109.1,0.508,0.532,0.369,0.468,0.747,12.7,6.8,35.4,45.5,80.7,1
Chicago Bulls,2017-18,0,82,27,55,0.329,17,24,0.415,10,31,0.244,102.9,110,-7.1,103.8,110.9,0.497,0.542,0.355,0.472,0.759,14,7.6,35,44.7,80.6,0
Cleveland Cavaliers*,2017-18,0,82,50,32,0.610,29,12,0.707,21,20,0.512,110.9,109.9,1.0,112.9,111.9,0.547,0.54,0.372,0.474,0.779,13.7,7.1,33.7,42.1,77.3,3
Dallas Mavericks,2017-18,0,82,24,58,0.293,15,26,0.366,9,32,0.220,102.3,105.4,-3.1,106.3,109.5,0.513,0.532,0.36,0.469,0.763,12.3,7,33.1,41.3,78.9,0
Denver Nuggets,2017-18,0,82,46,36,0.561,31,10,0.756,15,26,0.366,110,108.5,1.5,112.5,111,0.536,0.539,0.371,0.476,0.767,15,7.6,33.5,44.5,77.5,0
Detroit Pistons,2017-18,0,82,39,43,0.476,25,16,0.610,14,27,0.341,103.8,103.9,-0.1,107.2,107.3,0.512,0.524,0.373,0.459,0.745,13.5,7.7,33.6,43.7,78.5,1
Golden State Warriors*,2017-18,1,82,58,24,0.707,29,12,0.707,29,12,0.707,113.5,107.5,6.0,113.6,107.6,0.569,0.504,0.391,0.447,0.815,15.5,8,35.1,43.5,76.3,4
Houston Rockets*,2017-18,0,82,65,17,0.793,34,7,0.829,31,10,0.756,112.4,103.9,8.5,114.7,106.1,0.551,0.521,0.362,0.462,0.781,13.8,8.5,34.5,43.5,79.9,1
Indiana Pacers*,2017-18,0,82,48,34,0.585,27,14,0.659,21,20,0.512,105.6,104.2,1.4,109.5,108.1,0.525,0.527,0.369,0.465,0.779,13.3,8.8,32.7,42.3,76.2,1
Los Angeles Clippers,2017-18,0,82,42,40,0.512,22,19,0.537,20,21,0.488,109,109,0.0,110.3,110.2,0.527,0.52,0.354,0.458,0.743,14.7,7.7,33.7,43.9,76.1,0
Los Angeles Lakers,2017-18,0,82,35,47,0.427,20,21,0.488,15,26,0.366,108.1,109.6,-1.5,106.5,108,0.517,0.514,0.345,0.456,0.714,15.8,7.7,35.7,46.4,77.7,0
Memphis Grizzlies,2017-18,0,82,22,60,0.268,16,25,0.390,6,35,0.146,99.3,105.5,-6.2,104.5,111,0.5,0.529,0.352,0.462,0.786,15,7.5,31,40.5,76.5,0
Miami Heat*,2017-18,0,82,44,38,0.537,26,15,0.634,18,23,0.439,103.4,102.9,0.5,106.8,106.3,0.52,0.507,0.36,0.45,0.755,14.4,7.6,34.2,43.5,79,1
Milwaukee Bucks*,2017-18,0,82,44,38,0.537,25,16,0.610,19,22,0.463,106.5,106.8,-0.3,109.8,110.1,0.531,0.528,0.355,0.468,0.783,13.8,8.8,31.5,39.8,75.9,1
Minnesota Timberwolves*,2017-18,0,82,47,35,0.573,30,11,0.732,17,24,0.415,109.5,107.3,2.2,113.4,111.1,0.523,0.539,0.357,0.475,0.804,12.5,8.4,31.6,42,76.4,2
New Orleans Pelicans*,2017-18,0,82,48,34,0.585,24,17,0.585,24,17,0.585,111.7,110.4,1.3,109.6,108.3,0.541,0.513,0.362,0.454,0.772,14.9,8,35.7,44.3,76.7,2
New York Knicks,2017-18,0,82,29,53,0.354,19,22,0.463,10,31,0.244,104.5,108,-3.5,107.1,110.7,0.51,0.522,0.352,0.457,0.787,14.7,6.7,33.6,44,76.7,1
Oklahoma City Thunder*,2017-18,0,82,48,34,0.585,27,14,0.659,21,20,0.512,107.9,104.4,3.5,110.7,107.2,0.514,0.525,0.354,0.458,0.716,14,9.1,32.6,45.1,77.4,2
Orlando Magic,2017-18,0,82,25,57,0.305,17,24,0.415,8,33,0.195,103.4,108.2,-4.8,105.2,110.1,0.512,0.525,0.351,0.468,0.757,14.5,7.6,32.8,41.6,75.6,0
Philadelphia 76ers*,2017-18,0,82,52,30,0.634,30,11,0.732,22,19,0.537,109.8,105.3,4.5,109.5,105,0.535,0.492,0.369,0.434,0.752,16.5,8.3,36.5,47.4,78.6,1
Phoenix Suns,2017-18,0,82,21,61,0.256,10,31,0.244,11,30,0.268,103.9,113.3,-9.4,103.5,112.8,0.495,0.533,0.334,0.471,0.741,15.7,6.9,33.9,44.1,76.5,0
Portland Trail Blazers*,2017-18,0,82,49,33,0.598,28,13,0.683,21,20,0.512,105.6,103,2.6,109.1,106.4,0.511,0.503,0.366,0.447,0.8,13.5,7,35.3,45.5,79.1,1
Sacramento Kings,2017-18,0,82,27,55,0.329,14,27,0.341,13,28,0.317,98.8,105.8,-7.0,103.7,111.1,0.502,0.542,0.375,0.47,0.735,13.7,7.8,31.4,40.9,77.6,0
San Antonio Spurs*,2017-18,0,82,47,35,0.573,33,8,0.805,14,27,0.341,102.7,99.8,2.9,107.9,104.8,0.507,0.507,0.352,0.453,0.772,13.1,7.7,33.9,44.2,78.6,1
Toronto Raptors*,2017-18,0,82,59,23,0.720,34,7,0.829,25,16,0.610,111.7,103.9,7.8,113.8,105.9,0.539,0.501,0.358,0.449,0.794,13.4,7.6,34.2,44,77.7,2
Utah Jazz*,2017-18,0,82,48,34,0.585,28,13,0.683,20,21,0.488,104.1,99.8,4.3,108.4,103.9,0.527,0.506,0.366,0.449,0.779,14.7,8.6,34.2,43.3,79.8,0
Washington Wizards*,2017-18,0,82,43,39,0.524,23,18,0.561,20,21,0.488,106.6,106,0.6,109.3,108.7,0.525,0.522,0.375,0.462,0.772,14.6,7.9,33.1,43.1,77.1,2
Atlanta Hawks,2018-19,0,82,29,53,0.354,17,24,0.415,12,29,0.293,113.3,119.4,-6.1,108.1,113.9,0.522,0.541,0.352,0.473,0.752,17,8.2,34.5,46.1,76.4,0
Boston Celtics*,2018-19,0,82,49,33,0.598,28,13,0.683,21,20,0.512,112.4,108,4.4,112.2,107.8,0.534,0.514,0.365,0.448,0.802,12.8,8.6,34.7,44.5,77,1
Brooklyn Nets*,2018-19,0,82,42,40,0.512,23,18,0.561,19,22,0.463,112.2,112.3,-0.1,109.6,109.7,0.52,0.512,0.353,0.456,0.745,15.1,6.6,35.6,46.6,76.4,1
Charlotte Hornets,2018-19,0,82,39,43,0.476,25,16,0.610,14,27,0.341,110.7,111.8,-1.1,111.4,112.5,0.514,0.538,0.351,0.47,0.797,12.2,7.2,33.9,43.8,77.1,1
Chicago Bulls,2018-19,0,82,22,60,0.268,9,32,0.220,13,28,0.317,104.9,113.4,-8.5,104.8,113.2,0.505,0.541,0.351,0.473,0.783,14.1,7.4,34.1,42.9,77.3,0
Cleveland Cavaliers,2018-19,0,82,19,63,0.232,13,28,0.317,6,35,0.146,104.5,114.1,-9.6,107.7,117.6,0.503,0.564,0.355,0.495,0.792,13.5,6.5,31.9,42.7,77,0
Dallas Mavericks,2018-19,0,82,33,49,0.402,24,17,0.585,9,32,0.220,108.9,110.1,-1.2,109.4,110.7,0.519,0.522,0.34,0.459,0.742,14.2,6.5,35.2,45.3,77.5,1
Denver Nuggets*,2018-19,0,82,54,28,0.659,34,7,0.829,20,21,0.488,110.7,106.7,4.0,113,108.9,0.527,0.521,0.351,0.458,0.755,13.4,7.7,34.5,46.4,78,1
Detroit Pistons*,2018-19,0,82,41,41,0.500,26,15,0.634,15,26,0.366,107,107.3,-0.3,109,109.2,0.509,0.526,0.348,0.469,0.747,13.8,6.9,33.6,45,78.7,1
Golden State Warriors*,2018-19,0,82,57,25,0.695,30,11,0.732,27,14,0.659,117.7,111.2,6.5,115.9,109.5,0.565,0.508,0.385,0.444,0.801,14.3,7.6,36.5,46.2,77.1,3
Houston Rockets*,2018-19,0,82,53,29,0.646,31,10,0.756,22,19,0.537,113.9,109.1,4.8,115.5,110.7,0.542,0.525,0.356,0.466,0.791,13.3,8.5,31.9,42.1,74.4,1
Indiana Pacers*,2018-19,0,82,48,34,0.585,29,12,0.707,19,22,0.463,108,104.7,3.3,109.9,106.5,0.53,0.516,0.374,0.45,0.752,13.7,8.7,33.7,43,76.2,0
Los Angeles Clippers*,2018-19,0,82,48,34,0.585,26,15,0.634,22,19,0.537,115.1,114.3,0.8,112.4,111.5,0.529,0.514,0.388,0.457,0.792,14.5,6.8,35.8,45.5,76,0
Los Angeles Lakers,2018-19,0,82,37,45,0.451,22,19,0.537,15,26,0.366,111.8,113.5,-1.7,107.8,109.5,0.527,0.516,0.333,0.452,0.699,15.7,7.5,36.4,46.6,76.4,1
Memphis Grizzlies,2018-19,0,82,33,49,0.402,21,20,0.512,12,29,0.293,103.5,106.1,-2.6,106.1,108.8,0.508,0.521,0.342,0.451,0.772,14,8.3,33,41.8,77.6,0
Miami Heat,2018-19,0,82,39,43,0.476,19,22,0.463,20,21,0.488,105.7,105.9,-0.2,107.3,107.6,0.515,0.51,0.349,0.441,0.695,14.7,7.6,35.1,46.3,77.6,1
Milwaukee Bucks*,2018-19,0,82,60,22,0.732,33,8,0.805,27,14,0.659,118.1,109.3,8.8,113.8,105.2,0.55,0.503,0.353,0.433,0.773,13.9,7.5,40.4,49.7,80.3,2
Minnesota Timberwolves,2018-19,0,82,36,46,0.439,25,16,0.610,11,30,0.268,112.5,114,-1.5,111.4,112.9,0.511,0.538,0.351,0.467,0.787,13.1,8.3,33.5,44.8,74.9,1
New Orleans Pelicans,2018-19,0,82,33,49,0.402,19,22,0.463,14,27,0.341,115.4,116.8,-1.4,111.4,112.6,0.529,0.532,0.344,0.466,0.761,14.8,7.4,36.2,47.3,76.8,1
New York Knicks,2018-19,0,82,17,65,0.207,9,32,0.220,8,33,0.195,104.6,113.8,-9.2,104.5,113.7,0.49,0.533,0.34,0.467,0.759,14,6.8,34.3,44.7,76.1,0
Oklahoma City Thunder*,2018-19,0,82,49,33,0.598,27,14,0.659,22,19,0.537,114.5,111.1,3.4,110.3,107,0.514,0.523,0.348,0.46,0.713,14,9.3,35.5,48.1,78.2,2
Orlando Magic*,2018-19,0,82,42,40,0.512,25,16,0.610,17,24,0.415,107.3,106.6,0.7,108.9,108.1,0.518,0.515,0.356,0.456,0.782,13.2,6.6,35.4,45.4,79.7,1
Philadelphia 76ers*,2018-19,0,82,51,31,0.622,31,10,0.756,20,21,0.488,115.2,112.5,2.7,112.6,110,0.532,0.512,0.359,0.455,0.771,14.9,7.4,36.9,47.8,78.6,2
Phoenix Suns,2018-19,0,82,19,63,0.232,12,29,0.293,7,34,0.171,107.5,116.8,-9.3,105.9,115.1,0.514,0.545,0.329,0.482,0.779,15.6,9,31.3,40.4,72.5,0
Portland Trail Blazers*,2018-19,0,82,53,29,0.646,32,9,0.780,21,20,0.512,114.7,110.5,4.2,114.7,110.5,0.528,0.516,0.359,0.457,0.814,13.8,6.7,36.2,48,77.9,1
Sacramento Kings,2018-19,0,82,39,43,0.476,24,17,0.585,15,26,0.366,114.2,115.3,-1.1,110.4,111.5,0.524,0.533,0.378,0.466,0.726,13.4,8.3,34.4,45.4,75.5,0
San Antonio Spurs*,2018-19,0,82,48,34,0.585,32,9,0.780,16,25,0.390,111.7,110,1.7,112.9,111.2,0.534,0.528,0.392,0.463,0.819,12.1,6.1,35.5,44.7,79.4,1
Toronto Raptors*,2018-19,1,82,58,24,0.707,32,9,0.780,26,15,0.634,114.4,108.4,6.0,113.1,107.1,0.543,0.509,0.366,0.449,0.804,14,8.3,35.6,45.2,77.1,2
Utah Jazz*,2018-19,0,82,50,32,0.610,29,12,0.707,21,20,0.512,111.7,106.5,5.2,110.9,105.7,0.538,0.507,0.356,0.452,0.736,15.1,8.1,36.4,46.4,80.3,0
Washington Wizards,2018-19,0,82,32,50,0.390,22,19,0.537,10,31,0.244,114,116.9,-2.9,111.1,113.9,0.531,0.546,0.341,0.48,0.768,14.1,8.3,32.7,42.4,74.1,1
Atlanta Hawks,2019-20,0,67,20,47,0.299,14,20,0.412,6,27,0.182,111.8,119.7,-7.9,107.2,114.8,0.515,0.543,0.333,0.478,0.79,16.2,7.8,33.4,43.3,74.9,1
Boston Celtics*,2019-20,0,72,48,24,0.667,26,10,0.722,22,14,0.611,113.7,107.3,6.4,113.3,107,0.531,0.509,0.364,0.441,0.801,13.8,8.3,35.4,46.1,77.4,2
Brooklyn Nets*,2019-20,0,72,35,37,0.486,20,16,0.556,15,21,0.417,111.8,112.3,-0.5,108.9,109.5,0.52,0.511,0.343,0.446,0.745,15.3,6.4,37.3,47.9,77.8,0
Charlotte Hornets,2019-20,0,65,23,42,0.354,10,21,0.323,13,21,0.382,102.9,109.6,-6.7,106.3,113.3,0.504,0.546,0.352,0.476,0.748,14.6,6.6,31.8,42.8,74.4,0
Chicago Bulls,2019-20,0,65,22,43,0.338,14,20,0.412,8,23,0.258,106.8,109.9,-3.1,106.7,109.8,0.515,0.546,0.348,0.479,0.755,15.5,10,31.4,41.9,75.6,0
Cleveland Cavaliers,2019-20,0,65,19,46,0.292,11,25,0.306,8,21,0.276,106.9,114.8,-7.9,107.5,115.4,0.522,0.56,0.351,0.491,0.758,16.5,6.9,33.4,44.2,77.4,0
Dallas Mavericks*,2019-20,0,75,43,32,0.573,20,18,0.526,23,14,0.622,117,112.1,4.9,116.7,111.7,0.545,0.525,0.367,0.458,0.779,12.7,6.1,36.4,46.9,77.7,1
Denver Nuggets*,2019-20,0,73,46,27,0.630,26,11,0.703,20,16,0.556,111.3,109.2,2.1,113.1,111,0.535,0.533,0.359,0.463,0.777,13.8,8,33.4,44.1,76.8,1
Detroit Pistons,2019-20,0,66,20,46,0.303,11,22,0.333,9,24,0.273,107.2,110.8,-3.6,109,112.7,0.529,0.541,0.367,0.48,0.743,15.3,7.4,32,41.7,75.9,0
Golden State Warriors,2019-20,0,65,15,50,0.231,8,26,0.235,7,24,0.226,106.3,115,-8.7,105.2,113.8,0.497,0.553,0.334,0.476,0.803,14.9,8.2,32.9,42.8,76.4,0
Houston Rockets*,2019-20,0,72,44,28,0.611,24,12,0.667,20,16,0.556,117.8,114.8,3.0,112.9,110.1,0.537,0.529,0.345,0.462,0.791,14.7,8.7,34.5,44.3,75.6,2
Indiana Pacers*,2019-20,0,73,45,28,0.616,25,11,0.694,20,17,0.541,109.4,107.5,1.9,110,108,0.534,0.511,0.363,0.446,0.787,13.2,7.4,34.1,42.8,76.7,1
Los Angeles Clippers*,2019-20,0,72,49,23,0.681,27,9,0.750,22,14,0.611,116.3,109.9,6.4,113.9,107.6,0.535,0.506,0.371,0.438,0.791,14.6,7.1,37,47.7,77.6,1
Los Angeles Lakers*,2019-20,1,71,52,19,0.732,25,10,0.714,27,9,0.750,113.4,107.6,5.8,112,106.3,0.542,0.515,0.349,0.448,0.729,15.2,8.6,35.1,45.7,78.8,2
Memphis Grizzlies,2019-20,0,73,34,39,0.466,20,17,0.541,14,22,0.389,112.6,113.7,-1.1,109.2,110.3,0.528,0.521,0.347,0.45,0.763,15.2,7.9,36.2,46.5,77.8,0
Miami Heat*,2019-20,0,73,44,29,0.603,29,7,0.806,15,22,0.405,112,109.1,2.9,112.5,109.5,0.547,0.523,0.379,0.448,0.783,14.9,7.5,35.9,44.4,79.5,2
Milwaukee Bucks*,2019-20,0,73,56,17,0.767,30,5,0.857,26,12,0.684,118.7,108.6,10.1,112.4,102.9,0.552,0.489,0.355,0.414,0.742,15.1,7.2,42.2,51.7,81.6,2
Minnesota Timberwolves,2019-20,0,64,19,45,0.297,8,24,0.250,11,21,0.344,113.3,117.5,-4.2,108.1,112.2,0.514,0.541,0.336,0.477,0.753,15.3,8.7,34.3,44.8,77.2,0
New Orleans Pelicans,2019-20,0,72,30,42,0.417,15,21,0.417,15,21,0.417,115.8,117.1,-1.3,110.7,111.9,0.539,0.532,0.37,0.465,0.729,16.4,7.5,35.4,46.5,77.8,1
New York Knicks,2019-20,0,66,21,45,0.318,11,22,0.333,10,23,0.303,105.8,112.3,-6.5,106.5,113,0.501,0.541,0.337,0.463,0.694,14.3,7.6,34.5,46.5,78.3,0
Oklahoma City Thunder*,2019-20,0,72,44,28,0.611,23,14,0.622,21,14,0.600,110.4,108.4,2.0,110.8,108.8,0.53,0.518,0.355,0.455,0.796,13.7,7.6,34.7,42.9,76.8,1
Orlando Magic*,2019-20,0,73,33,40,0.452,18,17,0.514,15,23,0.395,107.3,108.3,-1.0,108.5,109.5,0.506,0.535,0.343,0.465,0.774,12.8,8.2,34.2,44.5,79.1,0
Philadelphia 76ers*,2019-20,0,73,43,30,0.589,31,4,0.886,12,26,0.316,110.7,108.4,2.3,111.3,109,0.534,0.523,0.368,0.463,0.755,14.2,8,35,45.4,80.3,2
Phoenix Suns,2019-20,0,73,34,39,0.466,17,22,0.436,17,17,0.500,113.6,113.4,0.2,111.7,111.4,0.532,0.539,0.358,0.472,0.834,14.8,7.7,33.8,43.5,78.8,1
Portland Trail Blazers*,2019-20,0,74,35,39,0.473,21,15,0.583,14,24,0.368,115,116.1,-1.1,113.7,114.8,0.533,0.53,0.377,0.456,0.804,12.8,6.3,35.1,45.3,75.3,1
Sacramento Kings,2019-20,0,72,31,41,0.431,16,19,0.457,15,22,0.405,110.1,112.1,-2.0,110.2,112.2,0.534,0.543,0.364,0.471,0.77,14.5,7.7,32.9,42.6,78.4,0
San Antonio Spurs,2019-20,0,71,32,39,0.451,19,15,0.559,13,24,0.351,114.1,115.2,-1.1,112.4,113.5,0.531,0.542,0.376,0.469,0.81,12.6,7.3,35.6,44.6,79.2,0
Toronto Raptors*,2019-20,0,72,53,19,0.736,26,10,0.722,27,9,0.750,112.8,106.5,6.3,111.1,105,0.536,0.502,0.374,0.428,0.796,14.8,8.8,35.9,45.4,76.7,2
Utah Jazz*,2019-20,0,72,44,28,0.611,23,12,0.657,21,16,0.568,111.3,108.8,2.5,112.3,109.9,0.549,0.518,0.38,0.457,0.779,15.1,6.1,35.8,44.9,78.9,2
Washington Wizards,2019-20,0,72,25,47,0.347,16,20,0.444,9,27,0.250,114.4,119.1,-4.7,110.9,115.5,0.523,0.558,0.368,0.488,0.788,14.2,8,31.9,42,75.3,0